{
    "parent": "item/handheld",
    "textures": {
        "layer0": "custom/fat_diamond_sword"
    
},
    "display": {
        "gui": {
            "rotation": [ 0, 0, 0 ],
            "translation": [ 0, 0, 0 ],
            "scale": [ 1, 1, 1  ]
        },
        "ground": {
            "rotation": [ 0, 0, 0 ],
            "translation": [ 0, 0, 0 ],
            "scale": [ 1.25, 1.25, 1.25 ]
        },
        "fixed": {
            "rotation": [ 0, 0, 0 ],
            "translation": [ 0, 0, 0 ],
            "scale": [ 1.6, 1.6, 1.6 ]
        },
        "head": {
            "rotation": [ 0, 0, 0 ],
            "translation": [ 0, 0, 0 ],
            "scale": [ 1, 1, 1 ]
        },
        "firstperson_righthand": {
            "rotation": [ 15, 90, 45 ],
            "translation": [ -2, 10, 4 ],
            "scale": [ 1, 1, 1 ]
        },
        "thirdperson_righthand": {
            "rotation": [ 0 , 90, 45 ],
            "translation": [ 0, 12, 2.5 ],
            "scale": [ 2, 2, 2 ]
        }
    }
}