{
  "pools": [



    {
      "rolls": {
                "min": 0,
                "max": 1
            },

      "entries": [
        
{
          "type": "item",
          "weight": 2,
          "name": "minecraft:oak_sapling",
          "functions": [
            {
              "function": "set_count",
              "count": {
                "min": 1,
                "max": 3
              }
            }
          ]
        },

        
{
          "type": "item",
          "weight": 2,
          "name": "minecraft:stick",
          "functions": [
            {
              "function": "set_count",
              "count": {
                "min": 1,
                "max": 4
              }
            }
          ]
        },

		
{
          "type": "item",
          "weight": 1,
          "name": "minecraft:apple",
          "functions": [
            {
              "function": "set_count",
              "count": {
                "min": 0,
                "max": 2
              }
            }
          ]
        }
      ]

    },




	{
      "rolls": {
                "min": 0,
                "max": 1
            },


      "entries": [
        
{
          "type": "item",
          "weight": 4,
          "name": "minecraft:oak_log",
          "functions": [
            {
              "function": "set_count",
              "count": {
                "min": 0,
                "max": 1
              }
            }
          ]
        },
		{
          "type": "item",
          "weight": 2,
          "name": "minecraft:birch_log",
          "functions": [
            {
              "function": "set_count",
              "count": {
                "min": 0,
                "max": 1
              }
            }
          ]
        },

		{
          "type": "item",
          "weight": 1,
          "name": "minecraft:spruce_log",
          "functions": [
            {
              "function": "set_count",
              "count": {
                "min": 0,
                "max": 1
              }
            }
          ]
        },

		{
          "type": "item",
          "weight": 2,
          "name": "minecraft:dark_oak_log",
          "functions": [
            {
              "function": "set_count",
              "count": {
                "min": 0,
                "max": 1
              }
            }
          ]
        }
      ]
    },






	{
      "rolls": {
                "min": 0,
                "max": 1
            },



      "entries": [

     		{
          "type": "item",
          "weight": 4,
          "name": "minecraft:oak_log",
          "functions": [
            {
              "function": "set_count",
              "count": {
                "min": 0,
                "max": 2
              }
            }
          ]
        },

		{
          "type": "item",
          "weight": 2,
          "name": "minecraft:birch_log",
          "functions": [
            {
              "function": "set_count",
              "count": {
                "min": 0,
                "max": 2
              }
            }
          ]
        },

		{
          "type": "item",
          "weight": 1,
          "name": "minecraft:spruce_log",
          "functions": [
            {
              "function": "set_count",
              "count": {
                "min": 0,
                "max": 2
              }
            }
          ]
        },

		{
          "type": "item",
          "weight": 2,
          "name": "minecraft:dark_oak_log",
          "functions": [
            {
              "function": "set_count",
              "count": {
                "min": 0,
                "max": 2
              }
            }
          ]
        }
      ]
    }
  ]
}