{"type":"entity","pools":[{"rolls":1,"entries":[{"type":"item","weight":60,"name":"minecraft:carrot_on_a_stick","functions":[{"function":"set_count","count":1},{"function":"set_nbt","tag":"{Unbreakable:1b,CustomModelData:1000002,Enchantments:[{id:\"minecraft:fire_aspect\",lvl:10s}],AttributeModifiers:[{AttributeName:\"generic.attackDamage\",Name:\"generic.attackDamage\",Amount:14,Operation:0,UUIDLeast:314900,UUIDMost:86352,Slot:\"mainhand\"},{AttributeName:\"generic.attackSpeed\",Name:\"generic.attackSpeed\",Amount:-2,Operation:0,UUIDLeast:795063,UUIDMost:912044,Slot:\"mainhand\"}]}"},{"function":"set_name","name":{"text":"Nether Edge","italic":false}}]},{"type":"item","weight":40,"name":"minecraft:diamond_helmet","functions":[{"function":"set_count","count":1},{"function":"set_nbt","tag":"{Unbreakable:1b,CustomModelData:2000004}"}]}]},{"rolls":{"min":4,"max":10},"entries":[{"type":"item","weight":1,"name":"minecraft:blaze_rod","functions":[{"function":"set_count","count":{"min":1,"max":4}}]}]}]}