{"type":"entity","pools":[{"rolls":1,"entries":[{"type":"item","weight":3,"name":"minecraft:netherite_scrap","functions":[{"function":"set_count","count":{"min":20,"max":40}}]},{"type":"item","weight":1,"name":"minecraft:netherite_scrap","functions":[{"function":"set_count","count":{"min":30,"max":60}}]}]},{"rolls":1,"entries":[{"type":"item","weight":4,"name":"minecraft:netherite_ingot","functions":[{"function":"set_count","count":{"min":2,"max":10}}]},{"type":"item","weight":1,"name":"minecraft:netherite_ingot","functions":[{"function":"set_count","count":{"min":4,"max":16}}]}]},{"rolls":1,"entries":[{"type":"item","weight":1,"name":"minecraft:gold_block","functions":[{"function":"set_count","count":1},{"function":"set_nbt","tag":"{CustomModelData:1000001}"}]}]}]}