{"type":"entity","pools":[{"rolls":1,"entries":[{"type":"item","weight":1,"name":"minecraft:stone_axe","functions":[{"function":"set_count","count":1},{"function":"set_nbt","tag":"{HideFlags:2,CustomModelData:1000004,AttributeModifiers:[{AttributeName:\"generic.attackDamage\",Name:\"generic.attackDamage\",Amount:8,Operation:0,UUIDLeast:55732,UUIDMost:101279,Slot:\"mainhand\"},{AttributeName:\"generic.attackSpeed\",Name:\"generic.attackSpeed\",Amount:-2.8,Operation:0,UUIDLeast:531356,UUIDMost:49881,Slot:\"mainhand\"}]}"},{"function":"set_name","name":{"text":"Reaver Claw","italic":false}},{"function":"set_lore","lore":[{"text":" "},{"text":"When in main hand:","color":"gray","italic":false},[{"text":" 1.2 Attack Speed","color":"dark_green","italic":false}],{"text":" 9 Attack Damage","color":"dark_green","italic":false}]}]},{"type":"item","weight":4,"name":"minecraft:bone","functions":[{"function":"set_count","count":0}]}]},{"rolls":4,"entries":[{"type":"item","weight":2,"name":"minecraft:bone","functions":[{"function":"set_count","count":{"min":0,"max":2}}]},{"type":"item","weight":1,"name":"minecraft:bone","functions":[{"function":"set_count","count":{"min":0,"max":1}}]}]}]}