{
    "__comment": "Model generated using MrCrayfish's Model Creator (https://mrcrayfish.com/tools?id=mc)",
    "textures": {
        "infernal_helm": "custom/infernal_helm",
        "burn_face": "custom/burn_face"
    },
    "display": {
        "gui": {
            "rotation": [ 30, 45, 0 ],
            "translation": [ 0, 0, 0 ],
            "scale": [ 0.625, 0.625, 0.625 ]
        },
        "ground": {
            "rotation": [ 0, 0, 0 ],
            "translation": [ 0, 4, 0 ],
            "scale": [ 1, 1, 1 ]
        },
        "fixed": {
            "rotation": [ 0, 180, 0 ],
            "translation": [ 0, 0, 0 ],
            "scale": [ 1, 1, 1 ]
        },
        "head": {
            "rotation": [ 0, 180, 0 ],
            "translation": [ 0, -15, 0 ],
            "scale": [ 1.5, 1.5, 1.5 ]
        },
        "firstperson_righthand": {
            "rotation": [ 0, 315, 0 ],
            "translation": [ 0, 2.5, 0 ],
            "scale": [ 0.4, 0.4, 0.4 ]
        },
        "thirdperson_righthand": {
            "rotation": [ 75, 315, 0 ],
            "translation": [ 0, 2.5, 0 ],
            "scale": [ 0.375, 0.375, 0.375 ]
        }
    },
    "elements": [
        {
            "name": "maskfront",
            "from": [ 1, 3, 1 ], 
            "to": [ 15, 30, 15.5 ], 
            "faces": {
                "north": { "texture": "#burn_face", "uv": [ 8, 0, 16, 16 ] },
                "east": { "texture": "#burn_face", "uv": [ 7, 0, 16, 16 ] },
                "south": { "texture": "#burn_face", "uv": [ 0, 0, 8, 16 ] },
                "west": { "texture": "#burn_face", "uv": [ 7, 0, 16, 16 ] },
                "up": { "texture": "#burn_face", "uv": [ 12, 0, 15, 4.5 ] },
                "down": { "texture": "#burn_face", "uv": [ 0, 0, 4, 0.5 ] }
            }
        },
        {
            "name": "maskfront",
            "from": [ 0, 1, 15.52 ], 
            "to": [ 16, 16, 15.53 ], 
            "faces": {
                "north": { "texture": "#infernal_helm", "uv": [ 0.5, 3.5, 5.5, 8 ] },
                "south": { "texture": "#infernal_helm", "uv": [ 0.5, 3.5, 5.5, 8 ] }
            }
        },
        {
            "name": "Cube",
            "from": [ 15.9, 0, -0.5 ], 
            "to": [ 15.9, 16, 15.48 ], 
            "faces": {
                "east": { "texture": "#infernal_helm", "uv": [ 5.5, 3.5, 10.5, 8.5 ] },
                "west": { "texture": "#infernal_helm", "uv": [ 10.5, 3.5, 5.5, 8.5 ] }
            }
        },
        {
            "name": "Cube",
            "from": [ 0.25, 0, -0.49 ], 
            "to": [ 0.25, 16, 15.49 ], 
            "faces": {
                "east": { "texture": "#infernal_helm", "uv": [ 5.5, 3.5, 10.5, 8.5 ] },
                "west": { "texture": "#infernal_helm", "uv": [ 10.5, 3.5, 5.5, 8.5 ] }
            }
        },
        {
            "name": "maskfront",
            "from": [ -0.1, 4.75, -0.51 ], 
            "to": [ 16.1, 12.75, -0.51 ], 
            "faces": {
                "north": { "texture": "#infernal_helm", "uv": [ 10.5, 4.5, 6.565, 7 ] },
                "south": { "texture": "#infernal_helm", "uv": [ 6.5, 4.5, 10.5, 7 ] }
            }
        }
    ]
}