{
    "__comment": "Model generated using MrCrayfish's Model Creator (https://mrcrayfish.com/tools?id=mc)",
    "textures": {
        "inferno_shield": "minecraft:custom/inferno_shield",
        "nether_bricks": "minecraft:block/nether_bricks"
    },
    "display": {
        "gui": {
            "rotation": [ 30, 45, 0 ],
            "translation": [ 0, 0, 0 ],
            "scale": [ 0.225, 0.225, 0.225 ]
        },
        "ground": {
            "rotation": [ 0, 0, 0 ],
            "translation": [ 0, 3, 0 ],
            "scale": [ 0.25, 0.25, 0.25 ]
        },
        "fixed": {
            "rotation": [ 0, 180, 0 ],
            "translation": [ 0, 0, 0 ],
            "scale": [ 1, 1, 1 ]
        },
        "head": {
            "rotation": [ 0, 180, 0 ],
            "translation": [ 0, -12, 0 ],
            "scale": [ 2, 2, 2 ]
        },
        "firstperson_righthand": {
            "rotation": [ 260, 225, 0 ],
            "translation": [ -2, 4.5, 1 ],
            "scale": [ 0.2, 0.2, 0.2 ]
        },
        "thirdperson_righthand": {
            "rotation": [ 90, 225, 0 ],
            "translation": [ 0, -1.75, 0 ],
            "scale": [ 0.2, 0.2, 0.2 ]
        }
    },
    "elements": [
        {
            "name": "Cube",
            "from": [ -7, -12, 1 ], 
            "to": [ -5, 10, 15 ], 
            "rotation": { "origin": [ 8, 8, 8 ], "axis": "z", "angle": -45.0 },
            "faces": {
                "north": { "texture": "#nether_bricks", "uv": [ 0, 0, 14, 16 ] },
                "east": { "texture": "#nether_bricks", "uv": [ 0, 0, 14, 16 ] },
                "south": { "texture": "#nether_bricks", "uv": [ 0, 0, 2, 15 ] },
                "west": { "texture": "#inferno_shield", "uv": [ 0, 0, 3.5, 5.75 ] },
                "up": { "texture": "#nether_bricks", "uv": [ 0, 0, 1, 1 ] },
                "down": { "texture": "#nether_bricks", "uv": [ 0, 0, 1, 1 ] }
            }
        },
        {
            "name": "Cube",
            "from": [ 21, -12, 1 ], 
            "to": [ 23, 10, 15 ], 
            "rotation": { "origin": [ 8, 8, 8 ], "axis": "z", "angle": 45.0 },
            "faces": {
                "north": { "texture": "#nether_bricks", "uv": [ 0, 0, 2, 16 ] },
                "east": { "texture": "#inferno_shield", "uv": [ 0, 0, 3.5, 5.75 ] },
                "south": { "texture": "#nether_bricks", "uv": [ 0, 0, 2, 16 ] },
                "west": { "texture": "#nether_bricks", "uv": [ 0, 0, 14, 16 ] },
                "up": { "texture": "#nether_bricks", "uv": [ 0, 0, 1, 1 ] },
                "down": { "texture": "#nether_bricks", "uv": [ 0, 0, 1, 1 ] }
            }
        },
        {
            "name": "Cube",
            "from": [ 1, -12, 21 ], 
            "to": [ 15, 10, 23 ], 
            "rotation": { "origin": [ 8, 8, 8 ], "axis": "x", "angle": -45.0 },
            "faces": {
                "north": { "texture": "#nether_bricks", "uv": [ 0, 0, 14, 16 ] },
                "east": { "texture": "#nether_bricks", "uv": [ 0, 0, 2, 16 ] },
                "south": { "texture": "#inferno_shield", "uv": [ 0, 0, 3.5, 5.75 ] },
                "west": { "texture": "#nether_bricks", "uv": [ 0, 0, 2, 16 ] },
                "up": { "texture": "#nether_bricks", "uv": [ 0, 0, 14, 1 ] },
                "down": { "texture": "#nether_bricks", "uv": [ 0, 0, 14, 1 ] }
            }
        },
        {
            "name": "Cube",
            "from": [ 1, -12, -7 ], 
            "to": [ 15, 10, -5 ], 
            "rotation": { "origin": [ 8, 8, 8 ], "axis": "x", "angle": 45.0 },
            "faces": {
                "north": { "texture": "#inferno_shield", "uv": [ 0, 0, 3.5, 5.75 ] },
                "east": { "texture": "#nether_bricks", "uv": [ 0, 0, 2, 16 ] },
                "south": { "texture": "#nether_bricks", "uv": [ 0, 0, 14.5, 15.75 ] },
                "west": { "texture": "#nether_bricks", "uv": [ 0, 0, 2, 16 ] },
                "up": { "texture": "#nether_bricks", "uv": [ 0, 0, 14, 1 ] },
                "down": { "texture": "#nether_bricks", "uv": [ 0, 0, 14, 1 ] }
            }
        }
    ]
}