{
    "__comment": "Model generated using MrCrayfish's Model Creator (https://mrcrayfish.com/tools?id=mc)",
    "textures": {
        "inferno_shield": "minecraft:block/lava_still",
        "nether_bricks": "minecraft:block/nether_bricks"
    },
    "display": {
        "gui": {
            "rotation": [ 30, 45, 0 ],
            "translation": [ 0, 0, 0 ],
            "scale": [ 0.225, 0.225, 0.225 ]
        },
        "ground": {
            "rotation": [ 0, 0, 0 ],
            "translation": [ 0, 3, 0 ],
            "scale": [ 0.25, 0.25, 0.25 ]
        },
        "fixed": {
            "rotation": [ 0, 180, 0 ],
            "translation": [ 0, 0, 0 ],
            "scale": [ 1, 1, 1 ]
        },
        "head": {
            "rotation": [ 0, 180, 0 ],
            "translation": [ 0, 0, 0 ],
            "scale": [ 2.2, 2.2, 2.2 ]
        },
        "firstperson_righthand": {
            "rotation": [ 260, 225, 0 ],
            "translation": [ -2, 4.5, 1 ],
            "scale": [ 0.2, 0.2, 0.2 ]
        },
        "thirdperson_righthand": {
            "rotation": [ 90, 225, 0 ],
            "translation": [ 0, -1.75, 0 ],
            "scale": [ 0.2, 0.2, 0.2 ]
        }
    },
    "elements": [
        {
            "name": "Cube",
            "from": [ -11, -5, 1 ], 
            "to": [ -9, 17, 15 ], 
            "faces": {
                "north": { "texture": "#nether_bricks", "uv": [ 0, 0, 14, 16 ] },
                "east": { "texture": "#nether_bricks", "uv": [ 0, 0, 14, 16 ] },
                "south": { "texture": "#nether_bricks", "uv": [ 0, 0, 2, 15 ] },
                "west": { "texture": "#inferno_shield", "uv": [ 0, 0, 10, 16 ] },
                "up": { "texture": "#nether_bricks", "uv": [ 0, 0, 1, 1 ] },
                "down": { "texture": "#nether_bricks", "uv": [ 0, 0, 1, 1 ] }
            }
        },
        {
            "name": "Cube",
            "from": [ 25, -5, 1 ], 
            "to": [ 27, 17, 15 ], 
            "faces": {
                "north": { "texture": "#nether_bricks", "uv": [ 0, 0, 2, 16 ] },
                "east": { "texture": "#inferno_shield", "uv": [ 0, 0, 10, 16 ] },
                "south": { "texture": "#nether_bricks", "uv": [ 0, 0, 2, 16 ] },
                "west": { "texture": "#nether_bricks", "uv": [ 0, 0, 14, 16 ] },
                "up": { "texture": "#nether_bricks", "uv": [ 0, 0, 1, 1 ] },
                "down": { "texture": "#nether_bricks", "uv": [ 0, 0, 1, 1 ] }
            }
        },
        {
            "name": "Cube",
            "from": [ 1, -5, 25 ], 
            "to": [ 15, 17, 27 ], 
            "faces": {
                "north": { "texture": "#nether_bricks", "uv": [ 0, 0, 15, 16 ] },
                "east": { "texture": "#nether_bricks", "uv": [ 0, 0, 2, 16 ] },
                "south": { "texture": "#inferno_shield", "uv": [ 0, 0, 10, 16 ] },
                "west": { "texture": "#nether_bricks", "uv": [ 0, 0, 2, 16 ] },
                "up": { "texture": "#nether_bricks", "uv": [ 0, 0, 14, 1 ] },
                "down": { "texture": "#nether_bricks", "uv": [ 0, 0, 14, 1 ] }
            }
        },
        {
            "name": "Cube",
            "from": [ 1, -5, -11 ], 
            "to": [ 15, 17, -9 ], 
            "faces": {
                "north": { "texture": "#inferno_shield", "uv": [ 0, 0, 10, 16 ] },
                "east": { "texture": "#nether_bricks", "uv": [ 0, 0, 2, 16 ] },
                "south": { "texture": "#nether_bricks", "uv": [ 0, 0, 14.5, 15.75 ] },
                "west": { "texture": "#nether_bricks", "uv": [ 0, 0, 2, 16 ] },
                "up": { "texture": "#nether_bricks", "uv": [ 0, 0, 14, 1 ] },
                "down": { "texture": "#nether_bricks", "uv": [ 0, 0, 14, 1 ] }
            }
        }
    ]
}