{
    "__comment": "Model generated using MrCrayfish's Model Creator (https://mrcrayfish.com/tools?id=mc)",
    "textures": {
        "burn_body": "minecraft:blocks/burn_body"
    },
    "display": {
        "gui": {
            "rotation": [ 30, 45, 0 ],
            "translation": [ 0, 0, 0 ],
            "scale": [ 0.225, 0.225, 0.225 ]
        },
        "ground": {
            "rotation": [ 0, 0, 0 ],
            "translation": [ 0, 3, 0 ],
            "scale": [ 0.25, 0.25, 0.25 ]
        },
        "fixed": {
            "rotation": [ 0, 180, 0 ],
            "translation": [ 0, 0, 0 ],
            "scale": [ 1, 1, 1 ]
        },
        "head": {
            "rotation": [ 0, 180, 0 ],
            "translation": [ 0, -12, 0 ],
            "scale": [ 2, 2, 2 ]
        },
        "firstperson_righthand": {
            "rotation": [ 260, 225, 0 ],
            "translation": [ -2, 4.5, 1 ],
            "scale": [ 0.2, 0.2, 0.2 ]
        },
        "thirdperson_righthand": {
            "rotation": [ 90, 225, 0 ],
            "translation": [ 0, -1.75, 0 ],
            "scale": [ 0.2, 0.2, 0.2 ]
        }
    },
    "elements": [
        {
            "name": "Cube",
            "from": [ 4, 4, 4 ], 
            "to": [ 10, 13, 10 ], 
            "faces": {
                "north": { "texture": "#burn_body", "uv": [ 3, 3, 6, 7.5 ] },
                "east": { "texture": "#burn_body", "uv": [ 0, 3, 3, 7.5 ] },
                "south": { "texture": "#burn_body", "uv": [ 9, 3, 12, 7.5 ] },
                "west": { "texture": "#burn_body", "uv": [ 0, 3, 3, 7.5 ] },
                "up": { "texture": "#burn_body", "uv": [ 0, 0, 3, 3 ] },
                "down": { "texture": "#burn_body", "uv": [ 3, 0, 6, 3 ] }
            }
        },
        {
            "name": "Cube",
            "from": [ 8, 2.5, 9 ], 
            "to": [ 12, 6.5, 13 ], 
            "faces": {
                "north": { "texture": "#burn_body", "uv": [ 0, 5, 3, 7.5 ] },
                "east": { "texture": "#burn_body", "uv": [ 0, 5, 3, 7.5 ] },
                "south": { "texture": "#burn_body", "uv": [ 0, 5, 3, 7.5 ] },
                "west": { "texture": "#burn_body", "uv": [ 0, 5, 3, 7.5 ] },
                "up": { "texture": "#burn_body", "uv": [ 0, 0, 3, 3 ] },
                "down": { "texture": "#burn_body", "uv": [ 0, 0, 3, 3 ] }
            }
        },
        {
            "name": "Cube",
            "from": [ 10, 6, 5 ], 
            "to": [ 13, 15, 11 ], 
            "faces": {
                "north": { "texture": "#burn_body", "uv": [ 9, 3, 12, 7.5 ] },
                "east": { "texture": "#burn_body", "uv": [ 0, 3, 3, 7.5 ] },
                "south": { "texture": "#burn_body", "uv": [ 3, 3, 6, 7.5 ] },
                "west": { "texture": "#burn_body", "uv": [ 9, 3, 12, 7.5 ] },
                "up": { "texture": "#burn_body", "uv": [ 3, 0, 6, 3 ], "rotation": 180 },
                "down": { "texture": "#burn_body", "uv": [ 0, 0, 3, 3 ] }
            }
        },
        {
            "name": "Cube",
            "from": [ 5, 2, 10 ], 
            "to": [ 7, 14, 12 ], 
            "faces": {
                "north": { "texture": "#burn_body", "uv": [ 1, 3, 2, 7.5 ] },
                "east": { "texture": "#burn_body", "uv": [ 1, 3, 2, 7.5 ] },
                "south": { "texture": "#burn_body", "uv": [ 1, 3, 2, 7.5 ] },
                "west": { "texture": "#burn_body", "uv": [ 4, 3, 5, 7.5 ] },
                "up": { "texture": "#burn_body", "uv": [ 0, 0, 3, 3 ] },
                "down": { "texture": "#burn_body", "uv": [ 0, 0, 3, 3 ] }
            }
        }
    ]
}