{
    "__comment": "Model generated using MrCrayfish's Model Creator (https://mrcrayfish.com/tools?id=mc)",
    "textures": {
	"infernal_face": "custom/infernal_face",
	"infernal_helm": "custom/infernal_helm"
    },
    "display": {
        "gui": {
            "rotation": [ 30, 45, 0 ],
            "translation": [ 0, 0, 0 ],
            "scale": [ 0.625, 0.625, 0.625 ]
        },
        "ground": {
            "rotation": [ 0, 0, 0 ],
            "translation": [ 0, 4, 0 ],
            "scale": [ 1, 1, 1 ]
        },
        "fixed": {
            "rotation": [ 0, 180, 0 ],
            "translation": [ 0, 0, 0 ],
            "scale": [ 1, 1, 1 ]
        },
        "head": {
            "rotation": [ 0, 180, 0 ],
            "translation": [ 0, -15, 0 ],
            "scale": [ 1.5, 1.5, 1.5 ]
        },
        "firstperson_righthand": {
            "rotation": [ 0, 315, 0 ],
            "translation": [ 0, 2.5, 0 ],
            "scale": [ 0.4, 0.4, 0.4 ]
        },
        "thirdperson_righthand": {
            "rotation": [ 75, 315, 0 ],
            "translation": [ 0, 2.5, 0 ],
            "scale": [ 0.375, 0.375, 0.375 ]
        }
    },
    "elements": [
        {
            "name": "Cube",
            "from": [ 1, 0, 15 ], 
            "to": [ 15, 11, 15 ], 
            "faces": {
                "north": { "texture": "#infernal_face", "uv": [ 0, 10, 8, 16 ] },
                "south": { "texture": "#infernal_face", "uv": [ 0, 10, 8, 16 ] }
            }
        },
        {
            "name": "maskfront",
            "from": [ 15, 0, 1 ], 
            "to": [ 15, 17, 15 ], 
            "faces": {
                "east": { "texture": "#infernal_face", "uv": [ 8, 6, 16, 16 ] },
                "west": { "texture": "#infernal_face", "uv": [ 9, 6, 16, 16 ] }
            }
        },
        {
            "name": "maskfront",
            "from": [ 1, 0, 1 ], 
            "to": [ 1, 18, 15 ], 
            "faces": {
                "east": { "texture": "#infernal_face", "uv": [ 8, 6, 16, 16 ] },
                "west": { "texture": "#infernal_face", "uv": [ 8, 6, 16, 15.9 ] }
            }
        },
        {
            "name": "Cube",
            "from": [ 6.25, 11, 15 ], 
            "to": [ 9.75, 18, 15 ], 
            "faces": {
                "north": { "texture": "#infernal_face", "uv": [ 3, 10, 5, 6 ], "rotation": 180 },
                "south": { "texture": "#infernal_face", "uv": [ 3, 10, 5, 6 ], "rotation": 180 }
            }
        },
        {
            "name": "Cube",
            "from": [ 1, 0, 1 ], 
            "to": [ 15, 11, 1 ], 
            "faces": {
                "north": { "texture": "#infernal_face", "uv": [ 8, 10, 16, 16 ] },
                "south": { "texture": "#infernal_face", "uv": [ 7, 10, 16, 16 ] }
            }
        },
        {
            "name": "Cube",
            "from": [ 0.25, 0, -0.5 ], 
            "to": [ 0.25, 16, 15.6 ], 
            "faces": {
                "east": { "texture": "#infernal_helm", "uv": [ 5.5, 3.5, 10.5, 8.5 ] },
                "west": { "texture": "#infernal_helm", "uv": [ 10.5, 3.5, 5.5, 8.5 ] }
            }
        },
        {
            "name": "Cube",
            "from": [ 15.9, 0, -0.5 ], 
            "to": [ 15.9, 16, 15.6 ], 
            "faces": {
                "east": { "texture": "#infernal_helm", "uv": [ 5.5, 3.5, 10.5, 8.5 ] },
                "west": { "texture": "#infernal_helm", "uv": [ 10.5, 3.5, 5.5, 8.5 ] }
            }
        },
        {
            "name": "maskfront",
            "from": [ -0.1, 4.75, -0.5 ], 
            "to": [ 16.1, 12.75, -0.5 ], 
            "faces": {
                "north": { "texture": "#infernal_helm", "uv": [ 10.5, 4.5, 6.565, 7 ] },
                "south": { "texture": "#infernal_helm", "uv": [ 6.5, 4.5, 10.5, 7 ] }
            }
        },
        {
            "name": "Cube",
            "from": [ 13.25, 11, 15 ], 
            "to": [ 15, 18, 15 ], 
            "faces": {
                "north": { "texture": "#infernal_face", "uv": [ 0, 10, 1, 6 ], "rotation": 180 },
                "south": { "texture": "#infernal_face", "uv": [ 7, 10, 8, 6 ], "rotation": 180 }
            }
        },
        {
            "name": "Cube",
            "from": [ 2.75, 11, 15 ], 
            "to": [ 4.5, 12.75, 15 ], 
            "faces": {
                "north": { "texture": "#infernal_face", "uv": [ 6, 10, 7, 9 ], "rotation": 180 },
                "south": { "texture": "#infernal_face", "uv": [ 6, 10, 7, 9 ], "rotation": 180 }
            }
        },
        {
            "name": "Cube",
            "from": [ 11.5, 11, 15 ], 
            "to": [ 13.25, 12.75, 15 ], 
            "faces": {
                "north": { "texture": "#infernal_face", "uv": [ 1, 10, 2, 9 ], "rotation": 180 },
                "south": { "texture": "#infernal_face", "uv": [ 1, 10, 2, 9 ], "rotation": 180 }
            }
        },
        {
            "name": "maskfront",
            "from": [ 0.25, 1.75, 15.51 ], 
            "to": [ 2, 16.75, 15.51 ], 
            "faces": {
                "north": { "texture": "#infernal_helm", "uv": [ 0.5, 3.5, 5.5, 8.5 ] },
                "south": { "texture": "#infernal_helm", "uv": [ 0.5, 3.5, 1, 7.5 ] }
            }
        },
        {
            "name": "maskfront",
            "from": [ 11.1, 7, 15.51 ], 
            "to": [ 12.6, 8.5, 15.51 ], 
            "faces": {
                "north": { "texture": "#infernal_helm", "uv": [ 0.5, 3.5, 5.5, 8.5 ] },
                "south": { "texture": "#infernal_helm", "uv": [ 1.5, 5.5, 2, 6 ] }
            }
        },
        {
            "name": "maskfront",
            "from": [ 14.15, 1.75, 15.51 ], 
            "to": [ 15.9, 16.75, 15.51 ], 
            "faces": {
                "north": { "texture": "#infernal_helm", "uv": [ 0.5, 3.5, 5.5, 8.5 ] },
                "south": { "texture": "#infernal_helm", "uv": [ 0.5, 3.5, 1, 7.5 ] }
            }
        },
        {
            "name": "maskfront",
            "from": [ 1.9, 0, 15.51 ], 
            "to": [ 14.17, 7, 15.51 ], 
            "faces": {
                "north": { "texture": "#infernal_helm", "uv": [ 0.5, 3.5, 5.5, 8.5 ] },
                "south": { "texture": "#infernal_helm", "uv": [ 1, 6, 5, 8 ] }
            }
        },
        {
            "name": "maskfront",
            "from": [ 3.45, 7, 15.51 ], 
            "to": [ 4.95, 8.5, 15.51 ], 
            "faces": {
                "north": { "texture": "#infernal_helm", "uv": [ 0.5, 3.5, 5.5, 8.5 ] },
                "south": { "texture": "#infernal_helm", "uv": [ 1.5, 5.5, 2, 6 ] }
            }
        }
    ]
}