{
    "__comment": "Model generated using MrCrayfish's Model Creator (https://mrcrayfish.com/tools?id=mc)",
    "textures": {
        "inferno_shield": "custom/inferno_shield",
        "nether_bricks": "blocks/nether_bricks"
    },
    "display": {
        "gui": {
            "rotation": [ 30, 45, 0 ],
            "translation": [ 0, 0, 0 ],
            "scale": [ 0.625, 0.625, 0.625 ]
        },
        "ground": {
            "rotation": [ 0, 0, 0 ],
            "translation": [ 0, 3, 0 ],
            "scale": [ 0.25, 0.25, 0.25 ]
        },
        "fixed": {
            "rotation": [ 0, 180, 0 ],
            "translation": [ 0, 0, 0 ],
            "scale": [ 1, 1, 1 ]
        },
        "head": {
            "rotation": [ 0, 180, 0 ],
            "translation": [ 0, -20, 0 ],
            "scale": [ 1, 1, 1 ]
        },
        "firstperson_righthand": {
            "rotation": [ 0, 315, 0 ],
            "translation": [ 0, 2.5, 0 ],
            "scale": [ 0.4, 0.4, 0.4 ]
        },
        "thirdperson_righthand": {
            "rotation": [ 75, 315, 0 ],
            "translation": [ 0, 2.5, 0 ],
            "scale": [ 0.375, 0.375, 0.375 ]
        }
    },
    "elements": [
        {
            "name": "Cube",
            "from": [ -16, 0, -1 ], 
            "to": [ -14, 22, 13 ], 
            "rotation": { "origin": [ -16, 8, 6 ], "axis": "z", "angle": -45.0 },
            "faces": {
                "north": { "texture": "#nether_bricks", "uv": [ 0, 0, 2, 16 ] },
                "east": { "texture": "#nether_bricks", "uv": [ 0, 0, 14, 16 ] },
                "south": { "texture": "#nether_bricks", "uv": [ 0, 0, 2, 15 ] },
                "west": { "texture": "#inferno_shield", "uv": [ 0, 0, 3.5, 5.75 ] },
                "up": { "texture": "#nether_bricks", "uv": [ 0, 0, 2, 14 ] },
                "down": { "texture": "#nether_bricks", "uv": [ 0, 0, 2, 14 ] }
            }
        },
        {
            "name": "Cube",
            "from": [ 30, 0, -1 ], 
            "to": [ 32, 22, 13 ], 
            "rotation": { "origin": [ 32, 8, 6 ], "axis": "z", "angle": 45.0 },
            "faces": {
                "north": { "texture": "#nether_bricks", "uv": [ 0, 0, 2, 16 ] },
                "east": { "texture": "#inferno_shield", "uv": [ 0, 0, 3.5, 5.75 ] },
                "south": { "texture": "#nether_bricks", "uv": [ 0, 0, 2, 16 ] },
                "west": { "texture": "#nether_bricks", "uv": [ 0, 0, 14, 16 ] },
                "up": { "texture": "#nether_bricks", "uv": [ 0, 0, 2, 14 ] },
                "down": { "texture": "#nether_bricks", "uv": [ 0, 0, 2, 14 ] }
            }
        },
        {
            "name": "Cube",
            "from": [ 1, 0, -17 ], 
            "to": [ 15, 22, -15 ], 
            "rotation": { "origin": [ 8, 8, -17 ], "axis": "x", "angle": 45.0 },
            "faces": {
                "north": { "texture": "#inferno_shield", "uv": [ 0, 0, 3.5, 5.75 ] },
                "east": { "texture": "#nether_bricks", "uv": [ 0, 0, 2, 16 ] },
                "south": { "texture": "#nether_bricks", "uv": [ 0, 0, 14, 16 ] },
                "west": { "texture": "#nether_bricks", "uv": [ 0, 0, 2, 16 ] },
                "up": { "texture": "#nether_bricks", "uv": [ 0, 0, 14, 2 ] },
                "down": { "texture": "#nether_bricks", "uv": [ 0, 0, 14, 2 ] }
            }
        },
        {
            "name": "Cube",
            "from": [ 1, 0, 30 ], 
            "to": [ 15, 22, 32 ], 
            "rotation": { "origin": [ 8, 8, 32 ], "axis": "x", "angle": -45.0 },
            "faces": {
                "north": { "texture": "#nether_bricks", "uv": [ 0, 0, 14, 16 ] },
                "east": { "texture": "#nether_bricks", "uv": [ 0, 0, 2, 16 ] },
                "south": { "texture": "#inferno_shield", "uv": [ 0, 0, 3.5, 5.75 ] },
                "west": { "texture": "#nether_bricks", "uv": [ 0, 0, 2, 16 ] },
                "up": { "texture": "#nether_bricks", "uv": [ 0, 0, 14, 2 ] },
                "down": { "texture": "#nether_bricks", "uv": [ 0, 0, 14, 2 ] }
            }
        },
    ]
}