{
    "__comment": "Model generated using MrCrayfish's Model Creator (https://mrcrayfish.com/tools?id=mc)",
    "textures": {
        "vindicator": "custom/vindicator"
    },
    "display": {
        "gui": {
            "rotation": [ 19, 29, 0 ],
            "translation": [ 0, -2, 0 ],
            "scale": [ 0.325, 0.325, 0.325 ]
        },
        "ground": {
            "rotation": [ 0, 0, 0 ],
            "translation": [ 0, 1, 0 ],
            "scale": [ 0.25, 0.25, 0.25 ]
        },
        "fixed": {
            "rotation": [ 0, 90, 0 ],
            "translation": [ 0, -7, 0 ],
            "scale": [ 0.6, 0.6, 0.6 ]
        },
        "head": {
            "rotation": [ 0, 180, 0 ],
            "translation": [ 0, 8, 0 ],
            "scale": [ 3, 3.5, 3 ]
        },
        "firstperson_righthand": {
            "rotation": [ 0, 175, 0 ],
            "translation": [ -1, -0.5, -1.5 ],
            "scale": [ 0.6, 0.6, 0.6 ]
        },
        "thirdperson_righthand": {
            "rotation": [ 0, 180, 0 ],
            "translation": [ -6, 9, 6 ],
            "scale": [ 2, 2, 2 ]
        }
    },
    "elements": [
        {
            "name": "Cube",
            "from": [ 0, 0, 2 ], 
            "to": [ 16, 12, 12 ], 
            "rotation": { "origin": [ 8, 8, 8 ], "axis": "x", "angle": 22.5 },
            "faces": {
                "north": { "texture": "#vindicator", "uv": [ 7, 7, 9, 9.5 ] },
                "east": { "texture": "#vindicator", "uv": [ 4, 7, 0, 9.5 ] },
                "south": { "texture": "#vindicator", "uv": [ 0, 11, 5, 13.5 ] },
                "west": { "texture": "#vindicator", "uv": [ 0, 7, 4, 9.5 ] },
                "up": { "texture": "#vindicator", "uv": [ 1, 9.5, 4, 11.5 ] },
                "down": { "texture": "#vindicator", "uv": [ 9, 7, 11, 9 ] }
            }
        },
        {
            "name": "Cube",
            "from": [ 16, -4, 4 ], 
            "to": [ 22, 12, 10 ], 
            "faces": {
                "north": { "texture": "#vindicator", "uv": [ 7, 7, 9, 9.5 ] },
                "east": { "texture": "#vindicator", "uv": [ 4, 7, 0, 9.5 ] },
                "south": { "texture": "#vindicator", "uv": [ 0, 7, 3, 9.5 ] },
                "west": { "texture": "#vindicator", "uv": [ 0, 7, 4, 9.5 ] },
                "up": { "texture": "#vindicator", "uv": [ 0, 6.5, 4, 8.5 ] },
                "down": { "texture": "#vindicator", "uv": [ 9, 7, 11, 9 ] }
            }
        },
        {
            "name": "Cube",
            "from": [ -6, -4, 4 ], 
            "to": [ 0, 12, 10 ], 
            "faces": {
                "north": { "texture": "#vindicator", "uv": [ 7, 7, 9, 9.5 ] },
                "east": { "texture": "#vindicator", "uv": [ 4, 7, 0, 9.5 ] },
                "south": { "texture": "#vindicator", "uv": [ 0, 7, 3, 9.5 ] },
                "west": { "texture": "#vindicator", "uv": [ 0, 7, 4, 9.5 ] },
                "up": { "texture": "#vindicator", "uv": [ 0, 6.5, 4, 8.5 ] },
                "down": { "texture": "#vindicator", "uv": [ 9, 7, 11, 9 ] }
            }
        }
    ]
}