{
    "__comment": "Model generated using MrCrayfish's Model Creator (https://mrcrayfish.com/tools?id=mc)",
    "textures": {
        "vindicator": "custom/vindicator"
    },
    "display": {
        "gui": {
            "rotation": [ 19, 29, 0 ],
            "translation": [ 0, -2, 0 ],
            "scale": [ 0.325, 0.325, 0.325 ]
        },
        "ground": {
            "rotation": [ 0, 0, 0 ],
            "translation": [ 0, 1, 0 ],
            "scale": [ 0.25, 0.25, 0.25 ]
        },
        "fixed": {
            "rotation": [ 0, 90, 0 ],
            "translation": [ 0, -7, 0 ],
            "scale": [ 0.6, 0.6, 0.6 ]
        },
        "head": {
            "rotation": [ 0, 180, 0 ],
            "translation": [ 0, -8, 0 ],
            "scale": [ 1.8, 1.8, 1.8 ]
        },
        "firstperson_righthand": {
            "rotation": [ 0, 175, 0 ],
            "translation": [ -1, -0.5, -1.5 ],
            "scale": [ 0.6, 0.6, 0.6 ]
        },
        "thirdperson_righthand": {
            "rotation": [ 325, 0, 0 ],
            "translation": [ 0, 1.5, -1 ],
            "scale": [ 1, 1, 1 ]
        }
    },
    "elements": [
        {
            "name": "Cube",
            "from": [ 4, 0, 4 ], 
            "to": [ 12, 10, 12 ], 
            "faces": {
                "north": { "texture": "#vindicator", "uv": [ 6, 2, 8, 4.5 ] },
                "east": { "texture": "#vindicator", "uv": [ 0, 2, 2, 4.5 ] },
                "south": { "texture": "#vindicator", "uv": [ 2, 2, 4, 4.5 ] },
                "west": { "texture": "#vindicator", "uv": [ 4, 2, 6, 4.5 ] },
                "up": { "texture": "#vindicator", "uv": [ 2, 0, 4, 2 ] },
                "down": { "texture": "#vindicator", "uv": [ 2, 0, 4, 2 ] }
            }
        },
        {
            "name": "Cube",
            "from": [ 7, -1, 12 ], 
            "to": [ 9, 3, 14 ], 
            "faces": {
                "north": { "texture": "#vindicator", "uv": [ 6.5, 0.5, 7, 1.5 ] },
                "east": { "texture": "#vindicator", "uv": [ 7, 0.5, 7.5, 1.5 ] },
                "south": { "texture": "#vindicator", "uv": [ 7.5, 0.5, 8, 1.5 ] },
                "west": { "texture": "#vindicator", "uv": [ 7, 0.5, 7.5, 1.5 ] },
                "up": { "texture": "#vindicator", "uv": [ 6.5, 0, 7, 0.5 ] },
                "down": { "texture": "#vindicator", "uv": [ 7, 0, 7.6, 0.5 ] }
            }
        }
    ]
}