{
    
	"parent": "item/handheld_rod",
    
	"textures": {

	        "layer0": "items/carrot_on_a_stick"
    
	},
	
	

	"overrides":[

	
	{"predicate": {"custom_model_data":1000001}, "model": "item/custom/flail_head"},
		{"predicate": {"custom_model_data":1000002}, "model": "item/custom/swords/nether_edge"},
		{"predicate": {"custom_model_data":1000003}, "model": "item/custom/actualsquid"},
	
	{"predicate": {"custom_model_data":1000004}, "model": "item/custom/swords/fat_diamond_sword"},


		{"predicate": {"custom_model_data":2000004}, "model": "item/custom/inferno/infernal_crown"}
	]

}
