{
    
	"parent": "block/carved_pumpkin",
  

	"overrides":[

	
	{"predicate": {"custom_model_data":1000001}, "model": "item/custom/skullreaver"},
		{"predicate": {"custom_model_data":1000002}, "model": "item/custom/endertitanskull"},
		{"predicate": {"custom_model_data":1000003}, "model": "item/custom/skullclaws"},
		{"predicate": {"custom_model_data":1000004}, "model": "item/custom/inferno/infernal"},
		{"predicate": {"custom_model_data":1000005}, "model": "item/custom/inferno/inferno_shields"},
		{"predicate": {"custom_model_data":1000006}, "model": "item/custom/inferno/floaty_shields"},
		{"predicate": {"custom_model_data":1000007}, "model": "item/custom/inferno/burn_inferno"},
		{"predicate": {"custom_model_data":1000008}, "model": "item/custom/ogre/ogre_head1"},
		{"predicate": {"custom_model_data":1000009}, "model": "item/custom/ogre/ogre_head2"}
,
		{"predicate": {"custom_model_data":1000010}, "model": "item/custom/ogre/ogre_torso"}
,
		{"predicate": {"custom_model_data":1000011}, "model": "item/custom/sentinel"}
,
		{"predicate": {"custom_model_data":1000012}, "model": "item/custom/sentinel_sting"}
,
		{"predicate": {"custom_model_data":1000013}, "model": "item/custom/sentinel2"}
,
		{"predicate": {"custom_model_data":1000014}, "model": "item/custom/flail_head"}
,
		

		{"predicate": {"custom_model_data":1000015}, "model": "item/custom/inferno/crispy_shields_a"}
,
		{"predicate": {"custom_model_data":1000016}, "model": "item/custom/inferno/crispy_shields_b"}
,
		{"predicate": {"custom_model_data":1000017}, "model": "item/custom/inferno/crispy_shields_c"}
,
		{"predicate": {"custom_model_data":1000018}, "model": "item/custom/inferno/floaty_torso"}
,
		{"predicate": {"custom_model_data":1000019}, "model": "item/custom/inferno/infernal_conflagration"}
,

		{"predicate": {"custom_model_data":1000020}, "model": "item/custom/netherite_golem/netherite_head"}
,
		{"predicate": {"custom_model_data":1000021}, "model": "item/custom/netherite_golem/netherite_arm"}
,
		{"predicate": {"custom_model_data":1000022}, "model": "item/custom/netherite_golem/netherite_torso"}
,
		{"predicate": {"custom_model_data":1000023}, "model": "item/custom/netherite_golem/netherite_left_arm"}
,
		{"predicate": {"custom_model_data":1000024}, "model": "item/custom/netherite_golem/netherite_right_arm"}
,



		{"predicate": {"custom_model_data":2000004}, "model": "item/custom/inferno/infernal_crown"}
	]

}
 