{
    
	"parent": "item/handheld",
    
	"textures": {

	        "layer0": "items/iron_axe"
    
	},
	
	

	"overrides":[

	
	{"predicate": {"custom_model_data":1000001}, "model": "item/custom/swords/fat_diamond_sword"},
		{"predicate": {"custom_model_data":1000002}, "model": "item/custom/swords/nether_edge"},
		{"predicate": {"custom_model_data":1000003}, "model": "item/custom/pillager_axe"},
		{"predicate": {"custom_model_data":1000004}, "model": "item/custom/omega_blade"}


	]

}
