{
    "__comment": "Model generated using MrCrayfish's Model Creator (https://mrcrayfish.com/tools?id=mc)",
    "textures": {
        "redstone_block": "blocks/redstone_block",
        "sea_lantern": "blocks/sea_lantern"
    },
    "display": {
        "gui": {
            "rotation": [ 255, 0, 315 ],
            "translation": [ 0, -3, 0 ],
            "scale": [ 0.45, 0.45, 0.45 ]
        },
        "ground": {
            "rotation": [ 0, 0, 0 ],
            "translation": [ 0, 3, 0 ],
            "scale": [ 0.25, 0.25, 0.25 ]
        },
        "fixed": {
            "rotation": [ 0, 180, 0 ],
            "translation": [ 0, 0, 0 ],
            "scale": [ 1, 1, 1 ]
        },
        "head": {
            "rotation": [ 0, 180, 0 ],
            "translation": [ 0, 0, 0 ],
            "scale": [ 1, 1, 1 ]
        },
        "firstperson_righthand": {
            "rotation": [ 180, 0, 0 ],
            "translation": [ 0, 4, 4 ],
            "scale": [ 0.4, 0.4, 0.4 ]
        },
        "thirdperson_righthand": {
            "rotation": [ 180, 0, 0 ],
            "translation": [ 0, -1.9, 0 ],
            "scale": [ 0.375, 0.375, 0.375 ]
        }
    },
    "elements": [
        {
            "name": "Cube",
            "from": [ 2.01, 2, 0 ], 
            "to": [ 13.99, 14, 16 ], 
            "faces": {
                "north": { "texture": "#sea_lantern", "uv": [ 2, 2, 13.98, 14 ] },
                "east": { "texture": "#sea_lantern", "uv": [ 0, 4, 16, 16 ] },
                "south": { "texture": "#sea_lantern", "uv": [ 2, 2, 13.98, 14 ] },
                "west": { "texture": "#sea_lantern", "uv": [ 0, 4, 16, 16 ] },
                "up": { "texture": "#sea_lantern", "uv": [ 1, 0, 14, 16 ] },
                "down": { "texture": "#sea_lantern", "uv": [ 2, 0, 13.98, 16 ] }
            }
        },
        {
            "name": "Cube",
            "from": [ 8.5, 2.5, 16 ], 
            "to": [ 10.5, 4.5, 31 ], 
            "faces": {
                "east": { "texture": "#sea_lantern", "uv": [ 0, 0, 15, 2 ] },
                "south": { "texture": "#sea_lantern", "uv": [ 0, 0, 2, 2 ] },
                "west": { "texture": "#sea_lantern", "uv": [ 0, 0, 15, 2 ] },
                "up": { "texture": "#sea_lantern", "uv": [ 0, 0, 2, 15 ] },
                "down": { "texture": "#sea_lantern", "uv": [ 0, 0, 2, 15 ] }
            }
        },
        {
            "name": "Cube",
            "from": [ 8.5, 11.5, 16 ], 
            "to": [ 10.5, 13.5, 31 ], 
            "faces": {
                "east": { "texture": "#sea_lantern", "uv": [ 0, 0, 15, 2 ] },
                "south": { "texture": "#sea_lantern", "uv": [ 1, 7, 0, 6 ] },
                "west": { "texture": "#sea_lantern", "uv": [ 0, 0, 15, 2 ] },
                "up": { "texture": "#sea_lantern", "uv": [ 0, 0, 4, 15 ] },
                "down": { "texture": "#sea_lantern", "uv": [ 0, 0, 2, 15 ] }
            }
        },
        {
            "name": "Cube",
            "from": [ 11.5, 8.5, 16 ], 
            "to": [ 13.5, 10.5, 31 ], 
            "faces": {
                "east": { "texture": "#sea_lantern", "uv": [ 0, 0, 15, 2 ] },
                "south": { "texture": "#sea_lantern", "uv": [ 1, 7, 0, 6 ] },
                "west": { "texture": "#sea_lantern", "uv": [ 0, 0, 15, 2 ] },
                "up": { "texture": "#sea_lantern", "uv": [ 0, 0, 4, 15 ] },
                "down": { "texture": "#sea_lantern", "uv": [ 0, 0, 2, 15 ] }
            }
        },
        {
            "name": "Cube",
            "from": [ 5.5, 11.5, 16 ], 
            "to": [ 7.5, 13.5, 31 ], 
            "faces": {
                "east": { "texture": "#sea_lantern", "uv": [ 0, 0, 15, 2 ] },
                "south": { "texture": "#sea_lantern", "uv": [ 1, 7, 0, 6 ] },
                "west": { "texture": "#sea_lantern", "uv": [ 0, 0, 15, 2 ] },
                "up": { "texture": "#sea_lantern", "uv": [ 0, 0, 4, 15 ] },
                "down": { "texture": "#sea_lantern", "uv": [ 0, 0, 2, 15 ] }
            }
        },
        {
            "name": "Cube",
            "from": [ 11.5, 11.5, 16 ], 
            "to": [ 13.5, 13.5, 31 ], 
            "faces": {
                "east": { "texture": "#sea_lantern", "uv": [ 0, 0, 15, 2 ] },
                "south": { "texture": "#sea_lantern", "uv": [ 1, 7, 0, 6 ] },
                "west": { "texture": "#sea_lantern", "uv": [ 0, 0, 15, 2 ] },
                "up": { "texture": "#sea_lantern", "uv": [ 0, 0, 4, 15 ] },
                "down": { "texture": "#sea_lantern", "uv": [ 0, 0, 2, 15 ] }
            }
        },
        {
            "name": "Cube",
            "from": [ 14, 8, 9 ], 
            "to": [ 14, 11, 11 ], 
            "faces": {
                "north": { "texture": "#redstone_block", "uv": [ 0, 0, 0, 3 ] },
                "east": { "texture": "#redstone_block", "uv": [ 0, 0, 2, 3 ] },
                "south": { "texture": "#redstone_block", "uv": [ 0, 0, 0, 3 ] },
                "west": { "texture": "#redstone_block", "uv": [ 0, 0, 2, 3 ] },
                "up": { "texture": "#redstone_block", "uv": [ 0, 0, 0, 2 ] },
                "down": { "texture": "#redstone_block", "uv": [ 0, 0, 0, 2 ] }
            }
        },
        {
            "name": "Cube",
            "from": [ 2, 8, 9 ], 
            "to": [ 3, 11, 11 ], 
            "faces": {
                "north": { "texture": "#redstone_block", "uv": [ 0, 0, 1, 3 ] },
                "south": { "texture": "#redstone_block", "uv": [ 0, 0, 1, 3 ] },
                "west": { "texture": "#redstone_block", "uv": [ 0, 0, 2, 3 ] },
                "up": { "texture": "#redstone_block", "uv": [ 0, 0, 1, 2 ] },
                "down": { "texture": "#redstone_block", "uv": [ 0, 0, 1, 2 ] }
            }
        },
        {
            "name": "Cube",
            "from": [ 2.5, 2.5, 16 ], 
            "to": [ 4.5, 4.5, 31 ], 
            "faces": {
                "east": { "texture": "#sea_lantern", "uv": [ 0, 0, 15, 2 ] },
                "south": { "texture": "#sea_lantern", "uv": [ 0, 0, 2, 2 ] },
                "west": { "texture": "#sea_lantern", "uv": [ 0, 0, 15, 2 ] },
                "up": { "texture": "#sea_lantern", "uv": [ 0, 0, 2, 15 ] },
                "down": { "texture": "#sea_lantern", "uv": [ 0, 0, 2, 15 ] }
            }
        },
        {
            "name": "Cube",
            "from": [ 5.5, 2.5, 16 ], 
            "to": [ 7.5, 4.5, 31 ], 
            "faces": {
                "east": { "texture": "#sea_lantern", "uv": [ 0, 0, 15, 2 ] },
                "south": { "texture": "#sea_lantern", "uv": [ 0, 0, 2, 2 ] },
                "west": { "texture": "#sea_lantern", "uv": [ 0, 0, 15, 2 ] },
                "up": { "texture": "#sea_lantern", "uv": [ 0, 0, 2, 15 ] },
                "down": { "texture": "#sea_lantern", "uv": [ 0, 0, 2, 15 ] }
            }
        },
        {
            "name": "Cube",
            "from": [ 2.5, 5.5, 16 ], 
            "to": [ 4.5, 7.5, 31 ], 
            "faces": {
                "east": { "texture": "#sea_lantern", "uv": [ 0, 0, 15, 2 ] },
                "south": { "texture": "#sea_lantern", "uv": [ 0, 0, 2, 2 ] },
                "west": { "texture": "#sea_lantern", "uv": [ 0, 0, 15, 2 ] },
                "up": { "texture": "#sea_lantern", "uv": [ 0, 0, 2, 15 ] },
                "down": { "texture": "#sea_lantern", "uv": [ 0, 0, 2, 15 ] }
            }
        },
        {
            "name": "Cube",
            "from": [ 11.5, 5.5, 16 ], 
            "to": [ 13.5, 7.5, 31 ], 
            "faces": {
                "east": { "texture": "#sea_lantern", "uv": [ 0, 0, 15, 2 ] },
                "south": { "texture": "#sea_lantern", "uv": [ 0, 0, 2, 2 ] },
                "west": { "texture": "#sea_lantern", "uv": [ 0, 0, 15, 2 ] },
                "up": { "texture": "#sea_lantern", "uv": [ 0, 0, 2, 15 ] },
                "down": { "texture": "#sea_lantern", "uv": [ 0, 0, 2, 15 ] }
            }
        },
        {
            "name": "Cube",
            "from": [ 11.5, 2.5, 16 ], 
            "to": [ 13.5, 4.5, 31 ], 
            "faces": {
                "east": { "texture": "#sea_lantern", "uv": [ 0, 0, 15, 2 ] },
                "south": { "texture": "#sea_lantern", "uv": [ 0, 0, 2, 2 ] },
                "west": { "texture": "#sea_lantern", "uv": [ 0, 0, 15, 2 ] },
                "up": { "texture": "#sea_lantern", "uv": [ 0, 0, 2, 15 ] },
                "down": { "texture": "#sea_lantern", "uv": [ 0, 0, 2, 15 ] }
            }
        },
        {
            "name": "Cube",
            "from": [ 2.5, 8.5, 16 ], 
            "to": [ 4.5, 10.5, 31 ], 
            "faces": {
                "east": { "texture": "#sea_lantern", "uv": [ 0, 0, 15, 2 ] },
                "south": { "texture": "#sea_lantern", "uv": [ 0, 0, 2, 2 ] },
                "west": { "texture": "#sea_lantern", "uv": [ 0, 0, 15, 2 ] },
                "up": { "texture": "#sea_lantern", "uv": [ 0, 0, 2, 15 ] },
                "down": { "texture": "#sea_lantern", "uv": [ 0, 0, 2, 15 ] }
            }
        }
    ]
}