{
    "__comment": "Model generated using MrCrayfish's Model Creator (https://mrcrayfish.com/tools?id=mc)",
    "textures": {
        "endermantexture": "custom/endermantexture"
    },
    "display": {
        "gui": {
            "rotation": [ 30, 215, 0 ],
            "translation": [ 0, -1, 0 ],
            "scale": [ 0.425, 0.425, 0.425 ]
        },
        "ground": {
            "rotation": [ 0, 0, 0 ],
            "translation": [ 0, 3, 0 ],
            "scale": [ 0.25, 0.25, 0.25 ]
        },
        "fixed": {
            "rotation": [ 0, 180, 0 ],
            "translation": [ 0, 0, 0 ],
            "scale": [ 1, 1, 1 ]
        },
        "head": {
            "rotation": [ 0, 0, 0 ],
            "translation": [ 0, 0, 0 ],
            "scale": [ 1, 1, 1 ]
        },
        "firstperson_righthand": {
            "rotation": [ 0, 315, 0 ],
            "translation": [ 0, 2.5, 0 ],
            "scale": [ 0.4, 0.4, 0.4 ]
        },
        "thirdperson_righthand": {
            "rotation": [ 75, 315, 0 ],
            "translation": [ 0, 2.5, 0 ],
            "scale": [ 0.375, 0.375, 0.375 ]
        }
    },
    "elements": [
        {
            "name": "Cube",
            "from": [ 0, 5, 0 ], 
            "to": [ 16, 16, 16 ], 
            "faces": {
                "north": { "texture": "#endermantexture", "uv": [ 4, 4, 8, 7.4 ] },
                "east": { "texture": "#endermantexture", "uv": [ 0, 4, 4, 8 ] },
                "south": { "texture": "#endermantexture", "uv": [ 12, 4, 16, 8 ] },
                "west": { "texture": "#endermantexture", "uv": [ 8, 4, 12, 8 ] },
                "up": { "texture": "#endermantexture", "uv": [ 4, 0, 8, 4 ] }
            }
        },
        {
            "name": "Cube",
            "from": [ -0.002, 0, -0.002 ], 
            "to": [ 16.008, 6.7, 15.999 ], 
            "faces": {
                "north": { "texture": "#endermantexture", "uv": [ 4, 13, 8, 16 ], "rotation": 180 },
                "east": { "texture": "#endermantexture", "uv": [ 0, 13, 4, 16 ], "rotation": 180 },
                "south": { "texture": "#endermantexture", "uv": [ 12, 4, 16, 6 ] },
                "west": { "texture": "#endermantexture", "uv": [ 8, 13, 12, 16 ], "rotation": 180 },
                "up": { "texture": "#endermantexture", "uv": [ 4, 0, 8, 4 ] }
            }
        },
        {
            "name": "Cube",
            "from": [ -3, 8.5, 3.25 ], 
            "to": [ 0.5, 18.5, 6.75 ], 
            "rotation": { "origin": [ -3, 13.5, 5 ], "axis": "z", "angle": 22.5 },
            "faces": {
                "north": { "texture": "#endermantexture", "uv": [ 12, 4, 16, 7.4 ] },
                "east": { "texture": "#endermantexture", "uv": [ 12, 4, 16, 8 ] },
                "south": { "texture": "#endermantexture", "uv": [ 12, 4, 16, 8 ] },
                "west": { "texture": "#endermantexture", "uv": [ 12, 4, 16, 8 ] },
                "up": { "texture": "#endermantexture", "uv": [ 5, 1, 6, 2 ] },
                "down": { "texture": "#endermantexture", "uv": [ 9, 9, 11, 11 ] }
            }
        },
        {
            "name": "Cube",
            "from": [ -3, 16, 3 ], 
            "to": [ 1, 28, 7 ], 
            "rotation": { "origin": [ -1, 22, 5 ], "axis": "z", "angle": -22.5 },
            "faces": {
                "north": { "texture": "#endermantexture", "uv": [ 12, 4, 16, 7.4 ] },
                "east": { "texture": "#endermantexture", "uv": [ 12, 4, 16, 8 ] },
                "south": { "texture": "#endermantexture", "uv": [ 12, 4, 16, 8 ] },
                "west": { "texture": "#endermantexture", "uv": [ 12, 4, 16, 8 ] },
                "up": { "texture": "#endermantexture", "uv": [ 5, 1, 6, 2 ] },
                "down": { "texture": "#endermantexture", "uv": [ 9, 9, 11, 11 ] }
            }
        },
        {
            "name": "Cube",
            "from": [ 15, 16, 3 ], 
            "to": [ 19, 28, 7 ], 
            "rotation": { "origin": [ 18, 22, 5 ], "axis": "z", "angle": 22.5 },
            "faces": {
                "north": { "texture": "#endermantexture", "uv": [ 12, 4, 16, 7.4 ] },
                "east": { "texture": "#endermantexture", "uv": [ 12, 4, 16, 8 ] },
                "south": { "texture": "#endermantexture", "uv": [ 12, 4, 16, 8 ] },
                "west": { "texture": "#endermantexture", "uv": [ 12, 4, 16, 8 ] },
                "up": { "texture": "#endermantexture", "uv": [ 5, 1, 6, 2 ] },
                "down": { "texture": "#endermantexture", "uv": [ 9, 9, 11, 11 ] }
            }
        },
        {
            "name": "Cube",
            "from": [ 15, 8.5, 3.25 ], 
            "to": [ 18.5, 18.5, 6.75 ], 
            "rotation": { "origin": [ 16, 13.5, 5 ], "axis": "z", "angle": -22.5 },
            "faces": {
                "north": { "texture": "#endermantexture", "uv": [ 12, 4, 16, 7.4 ] },
                "east": { "texture": "#endermantexture", "uv": [ 12, 4, 16, 8 ] },
                "south": { "texture": "#endermantexture", "uv": [ 12, 4, 16, 8 ] },
                "west": { "texture": "#endermantexture", "uv": [ 12, 4, 16, 8 ] },
                "up": { "texture": "#endermantexture", "uv": [ 5, 1, 6, 2 ] },
                "down": { "texture": "#endermantexture", "uv": [ 9, 9, 11, 11 ] }
            }
        },
        {
            "name": "Cube",
            "from": [ 0, 0, -0.03 ], 
            "to": [ 2, 5, -0.03 ], 
            "faces": {
                "north": { "texture": "#endermantexture", "uv": [ 10, 6, 11, 8 ] }
            }
        },
        {
            "name": "Cube",
            "from": [ 14, 0, -0.03 ], 
            "to": [ 16, 5, -0.03 ], 
            "faces": {
                "north": { "texture": "#endermantexture", "uv": [ 10, 6, 11, 8 ] }
            }
        }
    ]
}