{
    "__comment": "Model generated using MrCrayfish's Model Creator (https://mrcrayfish.com/tools?id=mc)",
    "textures": {
        "cauldron_side": "blocks/cauldron_side",
        "iron_block": "blocks/iron_block",
        "cauldron_inner": "blocks/cauldron_inner"
    },
    "display": {
        "gui": {
            "rotation": [ 30, 45, 0 ],
            "translation": [ 0, 0, 0 ],
            "scale": [ 0.625, 0.625, 0.625 ]
        },
        "ground": {
            "rotation": [ 0, 0, 0 ],
            "translation": [ 0, 6, 0 ],
            "scale": [ 1.625, 1.625, 1.625 ]
        },
        "fixed": {
            "rotation": [ 0, 180, 0 ],
            "translation": [ 0, 4, 0 ],
            "scale": [ 2, 2, 2 ]
        },
        "head": {
            "rotation": [ 0, 0, 0 ],
            "translation": [ 0, -25, -0.1 ],
            "scale": [ 4, 4, 4 ]
        },
        "firstperson_righthand": {
            "rotation": [ 0, 315, 0 ],
            "translation": [ 0, 2.5, 0 ],
            "scale": [ 0.4, 0.4, 0.4 ]
        },
        "thirdperson_righthand": {
            "rotation": [ 75, 315, 0 ],
            "translation": [ 0, 2.5, 0 ],
            "scale": [ 1.375, 1.375, 1.375 ]
        }
    },
    "elements": [
        {
            "name": "Cube",
            "from": [ 4, 0, 4 ], 
            "to": [ 12, 8, 12 ], 
            "faces": {
                "north": { "texture": "#cauldron_side", "uv": [ 4, 2, 12, 10 ], "rotation": 180 },
                "east": { "texture": "#cauldron_side", "uv": [ 4, 2, 12, 10 ], "rotation": 180 },
                "south": { "texture": "#cauldron_side", "uv": [ 0, 2, 8, 10 ], "rotation": 180 },
                "west": { "texture": "#cauldron_side", "uv": [ 7, 2, 16, 10 ], "rotation": 180 },
                "up": { "texture": "#cauldron_side", "uv": [ 4, 4, 12, 12 ] },
                "down": { "texture": "#cauldron_inner", "uv": [ 4, 4, 12, 12 ] }
            }
        },
        {
            "name": "Cube",
            "from": [ 12, 7, 7 ], 
            "to": [ 14, 9, 9 ], 
            "rotation": { "origin": [ 8, 8, 8 ], "axis": "y", "angle": 45.0 },
            "faces": {
                "north": { "texture": "#iron_block", "uv": [ 4, 4, 6, 6 ], "rotation": 90 },
                "east": { "texture": "#iron_block", "uv": [ 4, 4, 6, 6 ] },
                "south": { "texture": "#iron_block", "uv": [ 4, 5, 6, 7 ] },
                "west": { "texture": "#iron_block", "uv": [ 5, 6, 7, 8 ] },
                "up": { "texture": "#iron_block", "uv": [ 5, 4, 7, 6 ], "rotation": 90 },
                "down": { "texture": "#iron_block", "uv": [ 4, 4, 6, 6 ] }
            }
        },
        {
            "name": "Cube",
            "from": [ 7, 7, 12 ], 
            "to": [ 9, 9, 14 ], 
            "rotation": { "origin": [ 8, 8, 8 ], "axis": "y", "angle": 45.0 },
            "faces": {
                "north": { "texture": "#iron_block", "uv": [ 4, 4, 6, 6 ], "rotation": 90 },
                "east": { "texture": "#iron_block", "uv": [ 4, 4, 6, 6 ] },
                "south": { "texture": "#iron_block", "uv": [ 4, 5, 6, 7 ] },
                "west": { "texture": "#iron_block", "uv": [ 5, 6, 7, 8 ] },
                "up": { "texture": "#iron_block", "uv": [ 5, 4, 7, 6 ], "rotation": 90 },
                "down": { "texture": "#iron_block", "uv": [ 4, 4, 6, 6 ] }
            }
        },
        {
            "name": "Cube",
            "from": [ 7, 7, 2 ], 
            "to": [ 9, 9, 4 ], 
            "rotation": { "origin": [ 8, 8, 8 ], "axis": "y", "angle": 45.0 },
            "faces": {
                "north": { "texture": "#iron_block", "uv": [ 4, 4, 6, 6 ], "rotation": 90 },
                "east": { "texture": "#iron_block", "uv": [ 4, 4, 6, 6 ] },
                "south": { "texture": "#iron_block", "uv": [ 4, 5, 6, 7 ] },
                "west": { "texture": "#iron_block", "uv": [ 5, 6, 7, 8 ] },
                "up": { "texture": "#iron_block", "uv": [ 5, 4, 7, 6 ], "rotation": 90 },
                "down": { "texture": "#iron_block", "uv": [ 4, 4, 6, 6 ] }
            }
        },
        {
            "name": "Cube",
            "from": [ 2, 7, 7 ], 
            "to": [ 4, 9, 9 ], 
            "rotation": { "origin": [ 8, 8, 8 ], "axis": "y", "angle": 45.0 },
            "faces": {
                "north": { "texture": "#iron_block", "uv": [ 4, 4, 6, 6 ], "rotation": 90 },
                "east": { "texture": "#iron_block", "uv": [ 4, 4, 6, 6 ] },
                "south": { "texture": "#iron_block", "uv": [ 4, 5, 6, 7 ] },
                "west": { "texture": "#iron_block", "uv": [ 5, 6, 7, 8 ] },
                "up": { "texture": "#iron_block", "uv": [ 5, 4, 7, 6 ], "rotation": 90 },
                "down": { "texture": "#iron_block", "uv": [ 4, 4, 6, 6 ] }
            }
        },
        {
            "name": "Cube",
            "from": [ 12, -1, 7 ], 
            "to": [ 14, 1, 9 ], 
            "rotation": { "origin": [ 8, 8, 8 ], "axis": "y", "angle": 45.0 },
            "faces": {
                "north": { "texture": "#iron_block", "uv": [ 4, 4, 6, 6 ], "rotation": 90 },
                "east": { "texture": "#iron_block", "uv": [ 4, 4, 6, 6 ] },
                "south": { "texture": "#iron_block", "uv": [ 4, 5, 6, 7 ] },
                "west": { "texture": "#iron_block", "uv": [ 5, 6, 7, 8 ] },
                "up": { "texture": "#iron_block", "uv": [ 5, 4, 7, 6 ], "rotation": 90 },
                "down": { "texture": "#iron_block", "uv": [ 4, 4, 6, 6 ] }
            }
        },
        {
            "name": "Cube",
            "from": [ 7, -1, 2 ], 
            "to": [ 9, 1, 4 ], 
            "rotation": { "origin": [ 8, 8, 8 ], "axis": "y", "angle": 45.0 },
            "faces": {
                "north": { "texture": "#iron_block", "uv": [ 4, 4, 6, 6 ], "rotation": 90 },
                "east": { "texture": "#iron_block", "uv": [ 4, 4, 6, 6 ] },
                "south": { "texture": "#iron_block", "uv": [ 4, 5, 6, 7 ] },
                "west": { "texture": "#iron_block", "uv": [ 5, 6, 7, 8 ] },
                "up": { "texture": "#iron_block", "uv": [ 5, 4, 7, 6 ], "rotation": 90 },
                "down": { "texture": "#iron_block", "uv": [ 4, 4, 6, 6 ] }
            }
        },
        {
            "name": "Cube",
            "from": [ 2, -1, 7 ], 
            "to": [ 4, 1, 9 ], 
            "rotation": { "origin": [ 8, 8, 8 ], "axis": "y", "angle": 45.0 },
            "faces": {
                "north": { "texture": "#iron_block", "uv": [ 4, 4, 6, 6 ], "rotation": 90 },
                "east": { "texture": "#iron_block", "uv": [ 4, 4, 6, 6 ] },
                "south": { "texture": "#iron_block", "uv": [ 4, 5, 6, 7 ] },
                "west": { "texture": "#iron_block", "uv": [ 5, 6, 7, 8 ] },
                "up": { "texture": "#iron_block", "uv": [ 5, 4, 7, 6 ], "rotation": 90 },
                "down": { "texture": "#iron_block", "uv": [ 4, 4, 6, 6 ] }
            }
        },
        {
            "name": "Cube",
            "from": [ 7, -1, 12 ], 
            "to": [ 9, 1, 14 ], 
            "rotation": { "origin": [ 8, 8, 8 ], "axis": "y", "angle": 45.0 },
            "faces": {
                "north": { "texture": "#iron_block", "uv": [ 4, 4, 6, 6 ], "rotation": 90 },
                "east": { "texture": "#iron_block", "uv": [ 4, 4, 6, 6 ] },
                "south": { "texture": "#iron_block", "uv": [ 4, 5, 6, 7 ] },
                "west": { "texture": "#iron_block", "uv": [ 5, 6, 7, 8 ] },
                "up": { "texture": "#iron_block", "uv": [ 5, 4, 7, 6 ], "rotation": 90 },
                "down": { "texture": "#iron_block", "uv": [ 4, 4, 6, 6 ] }
            }
        },
        {
            "name": "Cube",
            "from": [ 2, 3, 7 ], 
            "to": [ 4, 5, 9 ], 
            "faces": {
                "north": { "texture": "#iron_block", "uv": [ 4, 4, 6, 6 ], "rotation": 90 },
                "south": { "texture": "#iron_block", "uv": [ 4, 5, 6, 7 ] },
                "west": { "texture": "#iron_block", "uv": [ 5, 6, 7, 8 ] },
                "up": { "texture": "#iron_block", "uv": [ 5, 4, 7, 6 ], "rotation": 90 },
                "down": { "texture": "#iron_block", "uv": [ 4, 4, 6, 6 ] }
            }
        },
        {
            "name": "Cube",
            "from": [ 12, 3, 7 ], 
            "to": [ 14, 5, 9 ], 
            "faces": {
                "north": { "texture": "#iron_block", "uv": [ 4, 4, 6, 6 ], "rotation": 90 },
                "east": { "texture": "#iron_block", "uv": [ 4, 4, 6, 6 ] },
                "south": { "texture": "#iron_block", "uv": [ 4, 5, 6, 7 ] },
                "up": { "texture": "#iron_block", "uv": [ 5, 4, 7, 6 ], "rotation": 90 },
                "down": { "texture": "#iron_block", "uv": [ 4, 4, 6, 6 ] }
            }
        },
        {
            "name": "Cube",
            "from": [ 7, 3, 12 ], 
            "to": [ 9, 5, 14 ], 
            "faces": {
                "east": { "texture": "#iron_block", "uv": [ 4, 4, 6, 6 ] },
                "south": { "texture": "#iron_block", "uv": [ 4, 5, 6, 7 ] },
                "west": { "texture": "#iron_block", "uv": [ 5, 6, 7, 8 ] },
                "up": { "texture": "#iron_block", "uv": [ 5, 4, 7, 6 ], "rotation": 90 },
                "down": { "texture": "#iron_block", "uv": [ 4, 4, 6, 6 ] }
            }
        },
        {
            "name": "Cube",
            "from": [ 7, 3, 2 ], 
            "to": [ 9, 5, 4 ], 
            "faces": {
                "north": { "texture": "#iron_block", "uv": [ 4, 4, 6, 6 ], "rotation": 90 },
                "east": { "texture": "#iron_block", "uv": [ 4, 4, 6, 6 ] },
                "west": { "texture": "#iron_block", "uv": [ 5, 6, 7, 8 ] },
                "up": { "texture": "#iron_block", "uv": [ 5, 4, 7, 6 ], "rotation": 90 },
                "down": { "texture": "#iron_block", "uv": [ 4, 4, 6, 6 ] }
            }
        }
    ]
}