{
    "parent": "item/handheld",
    "textures": {
        "layer0": "custom/omega_blade"
    }
,

 "display": {


        "thirdperson_righthand": {

            "rotation": [ 0, -90, 55 ],

            "translation": [ 0, 8.0, 0.5 ],

            "scale": [ 1.7, 1.7, 0.85]        },
  
      
	"thirdperson_lefthand": {

            "rotation": [ 0, 90, -55 ],

            "translation": [ 0, 8.0, 0.5 ],

            "scale": [ 1.7, 1.7, 0.85]
        },


        "firstperson_righthand": {

            "rotation": [ 0, -90, 25 ],

            "translation": [ 1.13, 6.4, 1.13 ],

            "scale": [ 1.36, 1.32, 0.68 ]
        },
        

"firstperson_lefthand": {

            "rotation": [ 0, 90, -25 ],

            "translation": [ 1.13, 6.4, 1.13 ],

            "scale": [ 1.36, 1.32, 0.68 ]
        }
    }
}