{
    "__comment": "Model generated using MrCrayfish's Model Creator (https://mrcrayfish.com/tools?id=mc)",
    "textures": {
        "oak_log": "blocks/oak_log",
        "iron_block": "blocks/iron_block"
    },
    "display": {
        "gui": {
            "rotation": [ 0, 90, 0 ],
            "translation": [ 0, -2, 0 ],
            "scale": [ 0.325, 0.325, 0.325 ]
        },
        "ground": {
            "rotation": [ 0, 0, 0 ],
            "translation": [ 0, 1, 0 ],
            "scale": [ 0.25, 0.25, 0.25 ]
        },
        "fixed": {
            "rotation": [ 0, 90, 0 ],
            "translation": [ 0, -7, 0 ],
            "scale": [ 0.6, 0.6, 0.6 ]
        },
        "head": {
            "rotation": [ 0, 180, 0 ],
            "translation": [ 0, 0, 0 ],
            "scale": [ 1, 1, 1 ]
        },
        "firstperson_righthand": {
            "rotation": [ 0, 175, 0 ],
            "translation": [ -1, -0.5, -1.5 ],
            "scale": [ 0.6, 0.6, 0.6 ]
        },
        "thirdperson_righthand": {
            "rotation": [ 325, 0, 0 ],
            "translation": [ 0, 1.5, -1 ],
            "scale": [ 1, 1, 1 ]
        }
    },
    "elements": [
        {
            "name": "Cube",
            "from": [ 7, 0, 7 ], 
            "to": [ 9, 24, 9 ], 
            "faces": {
                "north": { "texture": "#oak_log", "uv": [ 0, 0, 2, 16 ] },
                "east": { "texture": "#oak_log", "uv": [ 2, 0, 4, 16 ] },
                "south": { "texture": "#oak_log", "uv": [ 4, 0, 6, 16 ] },
                "west": { "texture": "#oak_log", "uv": [ 6, 0, 8, 16 ] },
                "up": { "texture": "#oak_log", "uv": [ 1, 0, 3, 2 ] },
                "down": { "texture": "#oak_log", "uv": [ 0, 0, 2, 2 ] }
            }
        },
        {
            "name": "Cube",
            "from": [ 7.5, 20, 5 ], 
            "to": [ 8.5, 30, 13 ], 
            "rotation": { "origin": [ 8, 8, 8 ], "axis": "x", "angle": -22.5 },
            "faces": {
                "north": { "texture": "#iron_block", "uv": [ 0, 0, 1, 10 ] },
                "east": { "texture": "#iron_block", "uv": [ 0, 0, 8, 10 ] },
                "south": { "texture": "#iron_block", "uv": [ 0, 0, 1, 10 ] },
                "west": { "texture": "#iron_block", "uv": [ 8, 0, 16, 10 ] },
                "up": { "texture": "#iron_block", "uv": [ 0, 0, 1, 8 ] },
                "down": { "texture": "#iron_block", "uv": [ 0, 0, 1, 8 ] }
            }
        },
        {
            "name": "Cube",
            "from": [ 7.51, 18.17, -3.24 ], 
            "to": [ 8.49, 27.17, 3.76 ], 
            "faces": {
                "north": { "texture": "#iron_block", "uv": [ 0, 0, 0.98, 9 ] },
                "east": { "texture": "#iron_block", "uv": [ 9, 0, 16, 9 ] },
                "south": { "texture": "#iron_block", "uv": [ 0, 0, 0.98, 9 ] },
                "west": { "texture": "#iron_block", "uv": [ 0, 0, 7, 9 ] },
                "up": { "texture": "#iron_block", "uv": [ 0, 0, 0.98, 7 ] },
                "down": { "texture": "#iron_block", "uv": [ 0, 0, 0.98, 7 ] }
            }
        },
        {
            "name": "Cube",
            "from": [ 7.5, 20, 3 ], 
            "to": [ 8.5, 30, 11 ], 
            "rotation": { "origin": [ 8, 8, 8 ], "axis": "x", "angle": 22.5 },
            "faces": {
                "north": { "texture": "#iron_block", "uv": [ 0, 0, 1, 10 ] },
                "east": { "texture": "#iron_block", "uv": [ 8, 0, 16, 10 ] },
                "south": { "texture": "#iron_block", "uv": [ 0, 0, 1, 10 ] },
                "west": { "texture": "#iron_block", "uv": [ 0, 0, 8, 10 ] },
                "up": { "texture": "#iron_block", "uv": [ 0, 0, 1, 8 ] },
                "down": { "texture": "#iron_block", "uv": [ 0, 0, 1, 8 ] }
            }
        },
        {
            "name": "Cube",
            "from": [ 7.51, 18.17, 12.3 ], 
            "to": [ 8.49, 27.17, 19.3 ], 
            "faces": {
                "north": { "texture": "#iron_block", "uv": [ 0, 0, 0.98, 9 ] },
                "east": { "texture": "#iron_block", "uv": [ 0, 0, 7, 9 ] },
                "south": { "texture": "#iron_block", "uv": [ 0, 0, 0.98, 9 ] },
                "west": { "texture": "#iron_block", "uv": [ 9, 0, 16, 9 ] },
                "up": { "texture": "#iron_block", "uv": [ 0, 0, 0.98, 7 ] },
                "down": { "texture": "#iron_block", "uv": [ 0, 0, 0.98, 7 ] }
            }
        },
        {
            "name": "Cube",
            "from": [ 7.49, 14, 8.8 ], 
            "to": [ 8.51, 21, 16.9 ], 
            "rotation": { "origin": [ 8, 22, 8 ], "axis": "x", "angle": -22.5 },
            "faces": {
                "north": { "texture": "#iron_block", "uv": [ 0, 0, 1.02, 7 ] },
                "east": { "texture": "#iron_block", "uv": [ 8, 9, 16, 16 ] },
                "south": { "texture": "#iron_block", "uv": [ 0, 0, 3.002, 7 ] },
                "west": { "texture": "#iron_block", "uv": [ 0, 9, 11.1, 16 ] },
                "up": { "texture": "#iron_block", "uv": [ 0, 0, 1.02, 8.1 ] },
                "down": { "texture": "#iron_block", "uv": [ 0, 0, 1.02, 8.1 ] }
            }
        },
        {
            "name": "Cube",
            "from": [ 7.49, 13, -6.25 ], 
            "to": [ 8.51, 20, 1.75 ], 
            "rotation": { "origin": [ 8, 8, 8 ], "axis": "x", "angle": 22.5 },
            "faces": {
                "north": { "texture": "#iron_block", "uv": [ 0, 0, 1.02, 7 ] },
                "east": { "texture": "#iron_block", "uv": [ 8, 0, 16, 7 ], "rotation": 180 },
                "south": { "texture": "#iron_block", "uv": [ 0, 0, 1.02, 7 ] },
                "west": { "texture": "#iron_block", "uv": [ 8, 9, 16, 16 ] },
                "up": { "texture": "#iron_block", "uv": [ 0, 0, 1.02, 8 ] },
                "down": { "texture": "#iron_block", "uv": [ 0, 0, 1.02, 8 ] }
            }
        }
    ]
}