{
    "__comment": "Model generated using MrCrayfish's Model Creator (https://mrcrayfish.com/tools?id=mc)",
    "textures": {
        "bee_stinger": "custom/bee_stinger"
    },
    "display": {
        "gui": {
            "rotation": [ 26, 66, 0 ],
            "translation": [ -3, 4, 0 ],
            "scale": [ 0.625, 0.625, 0.625 ]
        },
        "ground": {
            "rotation": [ 0, 0, 0 ],
            "translation": [ 0, 3, 0 ],
            "scale": [ 0.25, 0.25, 0.25 ]
        },
        "fixed": {
            "rotation": [ 0, 180, 0 ],
            "translation": [ 0, 0, 0 ],
            "scale": [ 1, 1, 1 ]
        },
        "head": {
            "rotation": [ 0, 180, 0 ],
            "translation": [ 0, -10, 0 ],
            "scale": [ 1.8, 1.8, 1.8 ]
        },
        "firstperson_righthand": {
            "rotation": [ 133, 45, 208 ],
            "translation": [ 0, 4.5, 0 ],
            "scale": [ 1.4, 1.4, 1.4 ]
        },
        "thirdperson_righthand": {
            "rotation": [ 60, 180, 0 ],
            "translation": [ 0, 1.5, 2 ],
            "scale": [ 0.375, 0.375, 0.375 ]
        }
    },
    "elements": [
        {
            "name": "Cube",
            "from": [ 7.3, 0.3, 0 ], 
            "to": [ 8.8, 1.8, 8 ], 
            "faces": {
                "north": { "texture": "#bee_stinger", "uv": [ 0, 0, 2, 1 ] },
                "east": { "texture": "#bee_stinger", "uv": [ 0, 0, 2, 0 ] },
                "south": { "texture": "#bee_stinger", "uv": [ 0, 0, 2, 1 ] },
                "west": { "texture": "#bee_stinger", "uv": [ 0, 0, 2, 1 ] },
                "up": { "texture": "#bee_stinger", "uv": [ 0, 0, 2, 0 ] },
                "down": { "texture": "#bee_stinger", "uv": [ 0, 0, 2, 1 ] }
            }
        },
        {
            "name": "Cube",
            "from": [ 8, -1.01, 12 ], 
            "to": [ 8.1, 2.99, 18 ], 
            "rotation": { "origin": [ 8, 1, 24 ], "axis": "z", "angle": 45.0 },
            "faces": {
                "north": { "texture": "#bee_stinger", "uv": [ 0, 0, 2, 1 ] },
                "east": { "texture": "#bee_stinger", "uv": [ 0, 0, 2, 0 ] },
                "south": { "texture": "#bee_stinger", "uv": [ 0, 0, 2, 1 ] },
                "west": { "texture": "#bee_stinger", "uv": [ 0, 0, 2, 1 ] },
                "up": { "texture": "#bee_stinger", "uv": [ 0, 0, 2, 0 ] },
                "down": { "texture": "#bee_stinger", "uv": [ 0, 0, 2, 1 ] }
            }
        },
        {
            "name": "Cube",
            "from": [ 8, 0, 4 ], 
            "to": [ 8.1, 2, 28 ], 
            "rotation": { "origin": [ 8, 1, 24 ], "axis": "z", "angle": -45.0 },
            "faces": {
                "north": { "texture": "#bee_stinger", "uv": [ 0, 0, 2, 1 ] },
                "east": { "texture": "#bee_stinger", "uv": [ 0, 0, 2, 0 ] },
                "south": { "texture": "#bee_stinger", "uv": [ 0, 0, 2, 1 ] },
                "west": { "texture": "#bee_stinger", "uv": [ 0, 0, 2, 1 ] },
                "up": { "texture": "#bee_stinger", "uv": [ 0, 0, 2, 0 ] },
                "down": { "texture": "#bee_stinger", "uv": [ 0, 0, 2, 1 ] }
            }
        },
        {
            "name": "Cube",
            "from": [ 8, -0.49, 18 ], 
            "to": [ 8.1, 2.51, 24 ], 
            "rotation": { "origin": [ 8, 1, 24 ], "axis": "z", "angle": 45.0 },
            "faces": {
                "north": { "texture": "#bee_stinger", "uv": [ 0, 0, 2, 1 ] },
                "east": { "texture": "#bee_stinger", "uv": [ 0, 0, 2, 0 ] },
                "south": { "texture": "#bee_stinger", "uv": [ 0, 0, 2, 1 ] },
                "west": { "texture": "#bee_stinger", "uv": [ 0, 0, 2, 1 ] },
                "up": { "texture": "#bee_stinger", "uv": [ 0, 0, 2, 1 ] },
                "down": { "texture": "#bee_stinger", "uv": [ 0, 0, 2, 1 ] }
            }
        },
        {
            "name": "Cube",
            "from": [ 8, -0.49, 18 ], 
            "to": [ 8.1, 2.51, 24 ], 
            "rotation": { "origin": [ 8, 1, 24 ], "axis": "z", "angle": -45.0 },
            "faces": {
                "north": { "texture": "#bee_stinger", "uv": [ 0, 0, 2, 1 ] },
                "east": { "texture": "#bee_stinger", "uv": [ 0, 0, 2, 0 ] },
                "south": { "texture": "#bee_stinger", "uv": [ 0, 0, 2, 1 ] },
                "west": { "texture": "#bee_stinger", "uv": [ 0, 0, 2, 1 ] },
                "up": { "texture": "#bee_stinger", "uv": [ 0, 0, 2, 1 ] },
                "down": { "texture": "#bee_stinger", "uv": [ 0, 0, 2, 1 ] }
            }
        },
        {
            "name": "Cube",
            "from": [ 8, 0, 4 ], 
            "to": [ 8.1, 2, 28 ], 
            "rotation": { "origin": [ 8, 1, 24 ], "axis": "z", "angle": 45.0 },
            "faces": {
                "north": { "texture": "#bee_stinger", "uv": [ 0, 0, 2, 1 ] },
                "east": { "texture": "#bee_stinger", "uv": [ 0, 0, 2, 0 ] },
                "south": { "texture": "#bee_stinger", "uv": [ 0, 0, 2, 1 ] },
                "west": { "texture": "#bee_stinger", "uv": [ 0, 0, 2, 1 ] },
                "up": { "texture": "#bee_stinger", "uv": [ 0, 0, 2, 0 ] },
                "down": { "texture": "#bee_stinger", "uv": [ 0, 0, 2, 1 ] }
            }
        },
        {
            "name": "Cube",
            "from": [ 8, -1.01, 12 ], 
            "to": [ 8.1, 2.99, 18 ], 
            "rotation": { "origin": [ 8, 1, 24 ], "axis": "z", "angle": -45.0 },
            "faces": {
                "north": { "texture": "#bee_stinger", "uv": [ 0, 0, 2, 1 ] },
                "east": { "texture": "#bee_stinger", "uv": [ 0, 0, 2, 0 ] },
                "south": { "texture": "#bee_stinger", "uv": [ 0, 0, 2, 1 ] },
                "west": { "texture": "#bee_stinger", "uv": [ 0, 0, 2, 1 ] },
                "up": { "texture": "#bee_stinger", "uv": [ 0, 0, 2, 0 ] },
                "down": { "texture": "#bee_stinger", "uv": [ 0, 0, 2, 1 ] }
            }
        }
    ]
}