{
    "__comment": "Model animated using Fizzy's model animator - http://fizzy81.github.io/animated-models/", 
    "textures": {
        "main": "custom/bee_angry"
    }, 
    "display": {
        "gui": {
            "rotation": [ 30, 45, 0 ], 
            "translation": [ 0, 0, 0 ], 
            "scale": [ 0.625, 0.625, 0.625 ]
        }, 
        "ground": {
            "rotation": [ 0, 0, 0 ], 
            "translation": [ 0, 3, 0 ], 
            "scale": [ 0.25, 0.25, 0.25 ]
        }, 
        "fixed": {
            "rotation": [ 0, 180, 0 ], 
            "translation": [ 0, 0, 0 ], 
            "scale": [ 1, 1, 1 ]
        }, 
        "head": {
            "rotation": [ 0, 0, 0 ], 
            "translation": [ 0, -6, 9 ], 
            "scale": [ 2, 2, 2 ]
        }, 
        "firstperson_righthand": {
            "rotation": [ 0, 315, 0 ], 
            "translation": [ 0, 2.5, 0 ], 
            "scale": [ 0.4, 0.4, 0.4 ]
        }, 
        "thirdperson_righthand": {
            "rotation": [ 0, 0, 0 ], 
            "translation": [ -5.75, 0, 18 ], 
            "scale": [ 1.25, 1.25, 1.25 ]
        }
    }, 
    "elements": [
        {
            "name": "Cube", 
            "from": [ 4.5, 1, 0.5 ], 
            "to":   [ 11.5, 12, 7.5 ], 
            "rotation": { "origin": [8, 8, 8], "axis": "x", "angle": -22.5 }, 
            "faces": {
                "north": { "texture": "#main", "uv": [ 1.25, 0, 2.125, 1.25 ], "rotation":180 }, 
                "east":  { "texture": "#main", "uv": [ 0, 1.25, 1.25, 2.125 ], "rotation":270 }, 
                "south": { "texture": "#main", "uv": [ 2.125, 0, 3, 1.25 ], "rotation":180 }, 
                "west":  { "texture": "#main", "uv": [ 2.125, 1.25, 3.375, 2.125 ], "rotation":90 }, 
                "up":    { "texture": "#main", "uv": [ 1.25, 1.25, 2.125, 2.125 ], "rotation":180 }, 
                "down":  { "texture": "#main", "uv": [ 3.625, 1.25, 4.25, 2.125 ] }
            }
        }, 
        {
            "name": "Cube", 
            "from": [ 3.5, -9, 7 ], 
            "to":   [ 12.5, 4, 13 ], 
            "rotation": { "origin": [8, 8, 8], "axis": "x", "angle": 45 }, 
            "faces": {
                "north": { "texture": "#main", "uv": [ 1.25, 0, 2.125, 1.25 ], "rotation":180 }, 
                "east":  { "texture": "#main", "uv": [ 3.25, 1.25, 2.25, 2.125 ], "rotation":270 }, 
                "south": { "texture": "#main", "uv": [ 1.375, 0, 2.125, 1.25 ], "rotation":180 }, 
                "west":  { "texture": "#main", "uv": [ 2.25, 1.25, 3.375, 2.125 ], "rotation":90 }, 
                "up":    { "texture": "#main", "uv": [ 1.5, 0.75, 2.125, 1.125 ], "rotation":180 }, 
                "down":  { "texture": "#main", "uv": [ 3.625, 1.25, 4.25, 2.125 ] }
            }
        }, 
        {
            "name": "Cube", 
            "from": [ 3.5, 6.5, -1.5 ], 
            "to":   [ 12, 14.5, 6.5 ], 
            "faces": {
                "north": { "texture": "#main", "uv": [ 1.75, 1, 2.125, 1.25 ], "rotation":180 }, 
                "east":  { "texture": "#main", "uv": [ 3.5, 1.25, 4.25, 2.125 ] }, 
                "south": { "texture": "#main", "uv": [ 3.125, 1.25, 4, 2 ], "rotation":180 }, 
                "west":  { "texture": "#main", "uv": [ 3.125, 1.25, 3.875, 2.125 ] }, 
                "up":    { "texture": "#main", "uv": [ 1.25, 0, 2.125, 0.75 ], "rotation":180 }, 
                "down":  { "texture": "#main", "uv": [ 3.625, 1.25, 4.25, 2.125 ] }
            }
        }, 
        {
            "name": "Cube", 
            "from": [ 4.125, 8, -5 ], 
            "to":   [ 11.125, 15, 2 ], 
            "faces": {
                "north": { "texture": "#main", "uv": [ 1.25, 1.25, 2.125, 2.125 ] }, 
                "east":  { "texture": "#main", "uv": [ 0, 1.25, 1.25, 2.125 ] }, 
                "south": { "texture": "#main", "uv": [ 2.125, 0, 3, 1.25 ], "rotation":180 }, 
                "west":  { "texture": "#main", "uv": [ 2.125, 1.25, 3.375, 2.125 ] }, 
                "up":    { "texture": "#main", "uv": [ 1.25, 0.25, 2.125, 1.125 ], "rotation":180 }, 
                "down":  { "texture": "#main", "uv": [ 3.625, 1.25, 4.25, 2.125 ] }
            }
        }, 
        {
            "name": "Cube", 
            "from": [ 12, 11, 1 ], 
            "to":   [ 12, 27, 15 ], 
            "rotation": { "origin": [12, 11, 8], "axis": "z", "angle": -45 }, 
            "faces": {
                "east":  { "texture": "#main", "uv": [ 1.875, 3, 2.875, 3.75 ], "rotation":270 }, 
                "west":  { "texture": "#main", "uv": [ 2.75, 3, 1.875, 3.75 ], "rotation":90 }
            }
        }, 
        {
            "name": "Cube", 
            "from": [ 3, 11, 1 ], 
            "to":   [ 3, 27, 15 ], 
            "rotation": { "origin": [3, 11, 8], "axis": "z", "angle": 45 }, 
            "faces": {
                "east":  { "texture": "#main", "uv": [ 1.875, 3, 2.875, 3.75 ], "rotation":270 }, 
                "west":  { "texture": "#main", "uv": [ 2.75, 3, 1.875, 3.75 ], "rotation":90 }
            }
        }, 
        {
            "name": "Cube", 
            "from": [ 7, -3, -11 ], 
            "to":   [ 9, -1, -6 ], 
            "rotation": { "origin": [8, 8, 8], "axis": "x", "angle": -22.5 }, 
            "faces": {
                "north": { "texture": "#main", "uv": [ 0, 0, 0, 0 ], "rotation":180 }, 
                "east":  { "texture": "#main", "uv": [ 0, 0, 0, 0 ], "rotation":270 }, 
                "south": { "texture": "#main", "uv": [ 0, 0, 0, 0 ], "rotation":180 }, 
                "west":  { "texture": "#main", "uv": [ 0, 0, 0, 0 ], "rotation":90 }, 
                "up":    { "texture": "#main", "uv": [ 0, 0, 0, 0 ], "rotation":180 }, 
                "down":  { "texture": "#main", "uv": [ 0, 0, 0, 0 ] }
            }
        }, 
        {
            "name": "Cube", 
            "from": [ 4.5, 4, -2.5 ], 
            "to":   [ 6.5, 7, -1.5 ], 
            "faces": {
                "north": { "texture": "#main", "uv": [ 3.875, 1.625, 4.125, 1.875 ] }, 
                "east":  { "texture": "#main", "uv": [ 3.5, 1.25, 3.75, 1.625 ] }, 
                "south": { "texture": "#main", "uv": [ 3.625, 1.25, 4, 2 ], "rotation":180 }, 
                "west":  { "texture": "#main", "uv": [ 3.625, 1.25, 3.875, 1.625 ] }, 
                "up":    { "texture": "#main", "uv": [ 3.75, 1.5, 3.625, 1.75 ], "rotation":180 }, 
                "down":  { "texture": "#main", "uv": [ 3.625, 1.25, 3.75, 1.625 ] }
            }
        }, 
        {
            "name": "Cube", 
            "from": [ 9.5, 4, -2.5 ], 
            "to":   [ 11.5, 7, -1.5 ], 
            "faces": {
                "north": { "texture": "#main", "uv": [ 3.875, 1.625, 4.125, 1.875 ] }, 
                "east":  { "texture": "#main", "uv": [ 3.5, 1.25, 3.75, 1.625 ] }, 
                "south": { "texture": "#main", "uv": [ 3.625, 1.25, 4, 2 ], "rotation":180 }, 
                "west":  { "texture": "#main", "uv": [ 3.625, 1.25, 3.875, 1.625 ] }, 
                "up":    { "texture": "#main", "uv": [ 3.75, 1.5, 3.625, 1.75 ], "rotation":180 }, 
                "down":  { "texture": "#main", "uv": [ 3.625, 1.25, 3.75, 1.625 ] }
            }
        }, 
        {
            "name": "Cube", 
            "from": [ 4.5, 1, 0.5 ], 
            "to":   [ 11.5, 12, 7.5 ], 
            "rotation": { "origin": [8, 8, 8], "axis": "x", "angle": -22.5 }, 
            "faces": {
                "north": { "texture": "#main", "uv": [ 9.25, 0, 10.125, 1.25 ], "rotation":180 }, 
                "east":  { "texture": "#main", "uv": [ 8, 1.25, 9.25, 2.125 ], "rotation":270 }, 
                "south": { "texture": "#main", "uv": [ 10.125, 0, 11, 1.25 ], "rotation":180 }, 
                "west":  { "texture": "#main", "uv": [ 10.125, 1.25, 11.375, 2.125 ], "rotation":90 }, 
                "up":    { "texture": "#main", "uv": [ 9.25, 1.25, 10.125, 2.125 ], "rotation":180 }, 
                "down":  { "texture": "#main", "uv": [ 11.625, 1.25, 12.25, 2.125 ] }
            }
        }, 
        {
            "name": "Cube", 
            "from": [ 3.5, -9, 7 ], 
            "to":   [ 12.5, 4, 13 ], 
            "rotation": { "origin": [8, 8, 8], "axis": "x", "angle": 45 }, 
            "faces": {
                "north": { "texture": "#main", "uv": [ 9.25, 0, 10.125, 1.25 ], "rotation":180 }, 
                "east":  { "texture": "#main", "uv": [ 11.25, 1.25, 10.25, 2.125 ], "rotation":270 }, 
                "south": { "texture": "#main", "uv": [ 9.375, 0, 10.125, 1.25 ], "rotation":180 }, 
                "west":  { "texture": "#main", "uv": [ 10.25, 1.25, 11.375, 2.125 ], "rotation":90 }, 
                "up":    { "texture": "#main", "uv": [ 9.5, 0.75, 10.125, 1.125 ], "rotation":180 }, 
                "down":  { "texture": "#main", "uv": [ 11.625, 1.25, 12.25, 2.125 ] }
            }
        }, 
        {
            "name": "Cube", 
            "from": [ 3.5, 6.5, -1.5 ], 
            "to":   [ 12, 14.5, 6.5 ], 
            "faces": {
                "north": { "texture": "#main", "uv": [ 9.75, 1, 10.125, 1.25 ], "rotation":180 }, 
                "east":  { "texture": "#main", "uv": [ 11.5, 1.25, 12.25, 2.125 ] }, 
                "south": { "texture": "#main", "uv": [ 11.125, 1.25, 12, 2 ], "rotation":180 }, 
                "west":  { "texture": "#main", "uv": [ 11.125, 1.25, 11.875, 2.125 ] }, 
                "up":    { "texture": "#main", "uv": [ 9.25, 0, 10.125, 0.75 ], "rotation":180 }, 
                "down":  { "texture": "#main", "uv": [ 11.625, 1.25, 12.25, 2.125 ] }
            }
        }, 
        {
            "name": "Cube", 
            "from": [ 4.125, 8, -5 ], 
            "to":   [ 11.125, 15, 2 ], 
            "faces": {
                "north": { "texture": "#main", "uv": [ 9.25, 1.25, 10.125, 2.125 ] }, 
                "east":  { "texture": "#main", "uv": [ 8, 1.25, 9.25, 2.125 ] }, 
                "south": { "texture": "#main", "uv": [ 10.125, 0, 11, 1.25 ], "rotation":180 }, 
                "west":  { "texture": "#main", "uv": [ 10.125, 1.25, 11.375, 2.125 ] }, 
                "up":    { "texture": "#main", "uv": [ 9.25, 0.25, 10.125, 1.125 ], "rotation":180 }, 
                "down":  { "texture": "#main", "uv": [ 11.625, 1.25, 12.25, 2.125 ] }
            }
        }, 
        {
            "name": "Cube", 
            "from": [ 12, 11, 1 ], 
            "to":   [ 12, 27, 15 ], 
            "rotation": { "origin": [12, 11, 8], "axis": "z", "angle": -22.5 }, 
            "faces": {
                "east":  { "texture": "#main", "uv": [ 9.875, 3, 10.875, 3.75 ], "rotation":270 }, 
                "west":  { "texture": "#main", "uv": [ 10.75, 3, 9.875, 3.75 ], "rotation":90 }
            }
        }, 
        {
            "name": "Cube", 
            "from": [ 3, 11, 1 ], 
            "to":   [ 3, 27, 15 ], 
            "rotation": { "origin": [3, 11, 8], "axis": "z", "angle": 22.5 }, 
            "faces": {
                "east":  { "texture": "#main", "uv": [ 9.875, 3, 10.875, 3.75 ], "rotation":270 }, 
                "west":  { "texture": "#main", "uv": [ 10.75, 3, 9.875, 3.75 ], "rotation":90 }
            }
        }, 
        {
            "name": "Cube", 
            "from": [ 7, -3, -11 ], 
            "to":   [ 9, -1, -6 ], 
            "rotation": { "origin": [8, 8, 8], "axis": "x", "angle": -22.5 }, 
            "faces": {
                "north": { "texture": "#main", "uv": [ 8, 0, 8, 0 ], "rotation":180 }, 
                "east":  { "texture": "#main", "uv": [ 8, 0, 8, 0 ], "rotation":270 }, 
                "south": { "texture": "#main", "uv": [ 8, 0, 8, 0 ], "rotation":180 }, 
                "west":  { "texture": "#main", "uv": [ 8, 0, 8, 0 ], "rotation":90 }, 
                "up":    { "texture": "#main", "uv": [ 8, 0, 8, 0 ], "rotation":180 }, 
                "down":  { "texture": "#main", "uv": [ 8, 0, 8, 0 ] }
            }
        }, 
        {
            "name": "Cube", 
            "from": [ 4.5, 4, -2.5 ], 
            "to":   [ 6.5, 7, -1.5 ], 
            "faces": {
                "north": { "texture": "#main", "uv": [ 11.875, 1.625, 12.125, 1.875 ] }, 
                "east":  { "texture": "#main", "uv": [ 11.5, 1.25, 11.75, 1.625 ] }, 
                "south": { "texture": "#main", "uv": [ 11.625, 1.25, 12, 2 ], "rotation":180 }, 
                "west":  { "texture": "#main", "uv": [ 11.625, 1.25, 11.875, 1.625 ] }, 
                "up":    { "texture": "#main", "uv": [ 11.75, 1.5, 11.625, 1.75 ], "rotation":180 }, 
                "down":  { "texture": "#main", "uv": [ 11.625, 1.25, 11.75, 1.625 ] }
            }
        }, 
        {
            "name": "Cube", 
            "from": [ 9.5, 4, -2.5 ], 
            "to":   [ 11.5, 7, -1.5 ], 
            "faces": {
                "north": { "texture": "#main", "uv": [ 11.875, 1.625, 12.125, 1.875 ] }, 
                "east":  { "texture": "#main", "uv": [ 11.5, 1.25, 11.75, 1.625 ] }, 
                "south": { "texture": "#main", "uv": [ 11.625, 1.25, 12, 2 ], "rotation":180 }, 
                "west":  { "texture": "#main", "uv": [ 11.625, 1.25, 11.875, 1.625 ] }, 
                "up":    { "texture": "#main", "uv": [ 11.75, 1.5, 11.625, 1.75 ], "rotation":180 }, 
                "down":  { "texture": "#main", "uv": [ 11.625, 1.25, 11.75, 1.625 ] }
            }
        }
    ]
}