{
    "__comment": "Model generated using MrCrayfish's Model Creator (https://mrcrayfish.com/tools?id=mc)",
    "textures": {
        "bee_angry": "custom/bee_angry",
        "bee_stinger": "custom/bee_stinger"
    },
    "display": {
        "gui": {
            "rotation": [ 30, 45, 0 ],
            "translation": [ 0, 0, 0 ],
            "scale": [ 0.625, 0.625, 0.625 ]
        },
        "ground": {
            "rotation": [ 0, 0, 0 ],
            "translation": [ 0, 3, 0 ],
            "scale": [ 0.25, 0.25, 0.25 ]
        },
        "fixed": {
            "rotation": [ 0, 180, 0 ],
            "translation": [ 0, 0, 0 ],
            "scale": [ 1, 1, 1 ]
        },
        "head": {
            "rotation": [ 0, 0, 0 ],
            "translation": [ 0, -6, 9 ],
            "scale": [ 2, 2, 2 ]
        },
        "firstperson_righthand": {
            "rotation": [ 0, 315, 0 ],
            "translation": [ 0, 2.5, 0 ],
            "scale": [ 0.4, 0.4, 0.4 ]
        },
        "thirdperson_righthand": {
            "rotation": [ 0, 0, 0 ],
            "translation": [ -5.75, 0, 18 ],
            "scale": [ 1.25, 1.25, 1.25 ]
        }
    },
    "elements": [
        {
            "name": "Cube",
            "from": [ 4.5, 1, 0.5 ], 
            "to": [ 11.5, 12, 7.5 ], 
            "rotation": { "origin": [ 8, 8, 8 ], "axis": "x", "angle": -22.5 },
            "faces": {
                "north": { "texture": "#bee_angry", "uv": [ 2.5, 0, 4.25, 2.5 ], "rotation": 180 },
                "east": { "texture": "#bee_angry", "uv": [ 0, 2.5, 2.5, 4.25 ], "rotation": 270 },
                "south": { "texture": "#bee_angry", "uv": [ 4.25, 0, 6, 2.5 ], "rotation": 180 },
                "west": { "texture": "#bee_angry", "uv": [ 4.25, 2.5, 6.75, 4.25 ], "rotation": 90 },
                "up": { "texture": "#bee_angry", "uv": [ 2.5, 2.5, 4.25, 4.25 ], "rotation": 180 },
                "down": { "texture": "#bee_angry", "uv": [ 7.25, 2.5, 8.5, 4.25 ] }
            }
        },
        {
            "name": "Cube",
            "from": [ 3.5, -9, 7 ], 
            "to": [ 12.5, 4, 13 ], 
            "rotation": { "origin": [ 8, 8, 8 ], "axis": "x", "angle": 45.0 },
            "faces": {
                "north": { "texture": "#bee_angry", "uv": [ 2.5, 0, 4.25, 2.5 ], "rotation": 180 },
                "east": { "texture": "#bee_angry", "uv": [ 6.5, 2.5, 4.5, 4.25 ], "rotation": 270 },
                "south": { "texture": "#bee_angry", "uv": [ 2.75, 0, 4.25, 2.5 ], "rotation": 180 },
                "west": { "texture": "#bee_angry", "uv": [ 4.5, 2.5, 6.75, 4.25 ], "rotation": 90 },
                "up": { "texture": "#bee_angry", "uv": [ 3, 1.5, 4.25, 2.25 ], "rotation": 180 },
                "down": { "texture": "#bee_angry", "uv": [ 7.25, 2.5, 8.5, 4.25 ] }
            }
        },
        {
            "name": "Cube",
            "from": [ 3.5, 6.5, -1.5 ], 
            "to": [ 12, 14.5, 6.5 ], 
            "faces": {
                "north": { "texture": "#bee_angry", "uv": [ 3.5, 2, 4.25, 2.5 ], "rotation": 180 },
                "east": { "texture": "#bee_angry", "uv": [ 7, 2.5, 8.5, 4.25 ] },
                "south": { "texture": "#bee_angry", "uv": [ 6.25, 2.5, 8, 4 ], "rotation": 180 },
                "west": { "texture": "#bee_angry", "uv": [ 6.25, 2.5, 7.75, 4.25 ] },
                "up": { "texture": "#bee_angry", "uv": [ 2.5, 0, 4.25, 1.5 ], "rotation": 180 },
                "down": { "texture": "#bee_angry", "uv": [ 7.25, 2.5, 8.5, 4.25 ] }
            }
        },
        {
            "name": "Cube",
            "from": [ 4.125, 8, -5 ], 
            "to": [ 11.125, 15, 2 ], 
            "faces": {
                "north": { "texture": "#bee_angry", "uv": [ 2.5, 2.5, 4.25, 4.25 ] },
                "east": { "texture": "#bee_angry", "uv": [ 0, 2.5, 2.5, 4.25 ] },
                "south": { "texture": "#bee_angry", "uv": [ 4.25, 0, 6, 2.5 ], "rotation": 180 },
                "west": { "texture": "#bee_angry", "uv": [ 4.25, 2.5, 6.75, 4.25 ] },
                "up": { "texture": "#bee_angry", "uv": [ 2.5, 0.5, 4.25, 2.25 ], "rotation": 180 },
                "down": { "texture": "#bee_angry", "uv": [ 7.25, 2.5, 8.5, 4.25 ] }
            }
        },
        {
            "name": "Cube",
            "from": [ 12, 11, 1 ], 
            "to": [ 12, 27, 15 ], 
            "rotation": { "origin": [ 12, 11, 8 ], "axis": "z", "angle": -45.0 },
            "faces": {
                "east": { "texture": "#bee_angry", "uv": [ 3.75, 6, 5.75, 7.5 ], "rotation": 270 },
                "west": { "texture": "#bee_angry", "uv": [ 5.5, 6, 3.75, 7.5 ], "rotation": 90 }
            }
        },
        {
            "name": "Cube",
            "from": [ 3, 11, 1 ], 
            "to": [ 3, 27, 15 ], 
            "rotation": { "origin": [ 3, 11, 8 ], "axis": "z", "angle": 45.0 },
            "faces": {
                "east": { "texture": "#bee_angry", "uv": [ 3.75, 6, 5.75, 7.5 ], "rotation": 270 },
                "west": { "texture": "#bee_angry", "uv": [ 5.5, 6, 3.75, 7.5 ], "rotation": 90 }
            }
        },
        {
            "name": "Cube",
            "from": [ 7, -3, -11 ], 
            "to": [ 9, -1, -6 ], 
            "rotation": { "origin": [ 8, 8, 8 ], "axis": "x", "angle": -22.5 },
            "faces": {
                "north": { "texture": "#bee_stinger", "uv": [ 0, 0, 2, 1 ], "rotation": 180 },
                "east": { "texture": "#bee_stinger", "uv": [ 2, 0, 0, 1 ], "rotation": 270 },
                "south": { "texture": "#bee_stinger", "uv": [ 0, 1, 0, 2 ], "rotation": 180 },
                "west": { "texture": "#bee_stinger", "uv": [ 0, 1, 0, 0 ], "rotation": 90 },
                "up": { "texture": "#bee_stinger", "uv": [ 0, 0, 2, 1 ], "rotation": 180 },
                "down": { "texture": "#bee_stinger", "uv": [ 0, 0, 2, 1 ] }
            }
        },
        {
            "name": "Cube",
            "from": [ 4.5, 4, -2.5 ], 
            "to": [ 6.5, 7, -1.5 ], 
            "faces": {
                "north": { "texture": "#bee_angry", "uv": [ 7.75, 3.25, 8.25, 3.75 ] },
                "east": { "texture": "#bee_angry", "uv": [ 7, 2.5, 7.5, 3.25 ] },
                "south": { "texture": "#bee_angry", "uv": [ 7.25, 2.5, 8, 4 ], "rotation": 180 },
                "west": { "texture": "#bee_angry", "uv": [ 7.25, 2.5, 7.75, 3.25 ] },
                "up": { "texture": "#bee_angry", "uv": [ 7.5, 3, 7.25, 3.5 ], "rotation": 180 },
                "down": { "texture": "#bee_angry", "uv": [ 7.25, 2.5, 7.5, 3.25 ] }
            }
        },
        {
            "name": "Cube",
            "from": [ 9.5, 4, -2.5 ], 
            "to": [ 11.5, 7, -1.5 ], 
            "faces": {
                "north": { "texture": "#bee_angry", "uv": [ 7.75, 3.25, 8.25, 3.75 ] },
                "east": { "texture": "#bee_angry", "uv": [ 7, 2.5, 7.5, 3.25 ] },
                "south": { "texture": "#bee_angry", "uv": [ 7.25, 2.5, 8, 4 ], "rotation": 180 },
                "west": { "texture": "#bee_angry", "uv": [ 7.25, 2.5, 7.75, 3.25 ] },
                "up": { "texture": "#bee_angry", "uv": [ 7.5, 3, 7.25, 3.5 ], "rotation": 180 },
                "down": { "texture": "#bee_angry", "uv": [ 7.25, 2.5, 7.5, 3.25 ] }
            }
        }
    ]
}