{
    "__comment": "Model generated using MrCrayfish's Model Creator (https://mrcrayfish.com/tools?id=mc)",
    "textures": {
        "skeletontexture": "custom/skeletontexture"
    },
    "display": {
        "gui": {
            "rotation": [ 30, 45, 0 ],
            "translation": [ 0, 0, 0 ],
            "scale": [ 0.625, 0.625, 0.625 ]
        },
        "ground": {
            "rotation": [ 0, 0, 0 ],
            "translation": [ 0, 3, 0 ],
            "scale": [ 0.25, 0.25, 0.25 ]
        },
        "fixed": {
            "rotation": [ 0, 180, 0 ],
            "translation": [ 0, 0, 0 ],
            "scale": [ 1, 1, 1 ]
        },
        "head": {
            "rotation": [ 0, 0, 0 ],
            "translation": [ 0, -9.85, -6 ],
            "scale": [ 1.285, 1.285, 1.285 ]
        },
        "firstperson_righthand": {
            "rotation": [ 0, 315, 0 ],
            "translation": [ 0, 2.5, 0 ],
            "scale": [ 0.4, 0.4, 0.4 ]
        },
        "thirdperson_righthand": {
            "rotation": [ 75, 315, 0 ],
            "translation": [ 0, 2.5, 0 ],
            "scale": [ 0.375, 0.375, 0.375 ]
        }
    },
    "elements": [
        {
            "name": "Cube",
            "from": [ 3, 6, -3 ], 
            "to": [ 13, 16, 7 ], 
            "rotation": { "origin": [ 8, 9, 2 ], "axis": "x", "angle": -22.5 },
            "faces": {
                "north": { "texture": "#skeletontexture", "uv": [ 4, 4, 8, 8 ] },
                "east": { "texture": "#skeletontexture", "uv": [ 0, 4, 4, 8 ] },
                "south": { "texture": "#skeletontexture", "uv": [ 12, 4, 16, 8 ] },
                "west": { "texture": "#skeletontexture", "uv": [ 8, 4, 12, 8 ] },
                "up": { "texture": "#skeletontexture", "uv": [ 4, 0, 8, 4 ] },
                "down": { "texture": "#skeletontexture", "uv": [ 8, 0, 12, 4 ] }
            }
        },
        {
            "name": "Cube",
            "from": [ 1, 14, 3 ], 
            "to": [ 15, 22, 23 ], 
            "rotation": { "origin": [ 8, 17, 5 ], "axis": "x", "angle": 45.0 },
            "faces": {
                "north": { "texture": "#skeletontexture", "uv": [ 4, 0, 8, 4 ] },
                "east": { "texture": "#skeletontexture", "uv": [ 0, 4, 8, 8 ] },
                "south": { "texture": "#skeletontexture", "uv": [ 12, 4, 16, 8 ] },
                "west": { "texture": "#skeletontexture", "uv": [ 4, 4, 12, 8 ] },
                "up": { "texture": "#skeletontexture", "uv": [ 4, 0, 8, 4 ] },
                "down": { "texture": "#skeletontexture", "uv": [ 4, 0, 8, 8 ] }
            }
        }
    ]
}