{
    "__comment": "Model generated using MrCrayfish's Model Creator (https://mrcrayfish.com/tools?id=mc)",
    "textures": {
        "skeletontexture": "custom/skeletontexture",
        "iron_block": "block/iron_block"
    },
    "display": {
        "gui": {
            "rotation": [ 30, 45, 0 ],
            "translation": [ 0, 0, 0 ],
            "scale": [ 0.625, 0.625, 0.625 ]
        },
        "ground": {
            "rotation": [ 0, 0, 0 ],
            "translation": [ 0, 3, 0 ],
            "scale": [ 0.25, 0.25, 0.25 ]
        },
        "fixed": {
            "rotation": [ 0, 180, 0 ],
            "translation": [ 0, 0, 0 ],
            "scale": [ 1, 1, 1 ]
        },
        "head": {
            "rotation": [ 0, 0, 0 ],
            "translation": [ 0, -6.85, -4 ],
            "scale": [ 1.285, 1.285, 1.285 ]
        },
        "firstperson_righthand": {
            "rotation": [ 0, 315, 0 ],
            "translation": [ 0, 2.5, 0 ],
            "scale": [ 0.4, 0.4, 0.4 ]
        },
        "thirdperson_righthand": {
            "rotation": [ 20, 270, 0 ],
            "translation": [ -6, 2.5, -5 ],
            "scale": [ 0.9, 0.9, 0.9 ]
        }
    },
    "elements": [
        {
            "name": "Cube",
            "from": [ 0, 7, 16 ], 
            "to": [ 4, 21, 18 ], 
            "faces": {
                "north": { "texture": "#skeletontexture", "uv": [ 2, 6, 3, 14 ] },
                "east": { "texture": "#skeletontexture", "uv": [ 2, 7, 3, 15 ] },
                "south": { "texture": "#skeletontexture", "uv": [ 3, 10, 4, 15 ] },
                "west": { "texture": "#skeletontexture", "uv": [ 13, 4, 13.1, 8 ] },
                "up": { "texture": "#skeletontexture", "uv": [ 2, 4, 3, 5 ], "rotation": 270 },
                "down": { "texture": "#skeletontexture", "uv": [ 2, 4, 5, 4 ], "rotation": 270 }
            }
        },
        {
            "name": "Cube",
            "from": [ 3.01, 16, 16.01 ], 
            "to": [ 24.01, 19, 17.99 ], 
            "rotation": { "origin": [ 8, 19, 15 ], "axis": "z", "angle": -22.5 },
            "faces": {
                "north": { "texture": "#skeletontexture", "uv": [ 12, 6, 16, 7 ] },
                "east": { "texture": "#skeletontexture", "uv": [ 0, 6, 1, 7 ] },
                "south": { "texture": "#skeletontexture", "uv": [ 11, 6, 16, 7 ] },
                "west": { "texture": "#skeletontexture", "uv": [ 13, 4, 5.1, 5 ] },
                "up": { "texture": "#skeletontexture", "uv": [ 0, 4, 1, 7 ], "rotation": 270 },
                "down": { "texture": "#skeletontexture", "uv": [ 2, 4, 3, 5 ], "rotation": 270 }
            }
        },
        {
            "name": "Cube",
            "from": [ 0, 7, -2 ], 
            "to": [ 4, 21, 0 ], 
            "faces": {
                "north": { "texture": "#skeletontexture", "uv": [ 2, 6, 3, 14 ] },
                "east": { "texture": "#skeletontexture", "uv": [ 2, 7, 3, 15 ] },
                "south": { "texture": "#skeletontexture", "uv": [ 3, 10, 4, 15 ] },
                "west": { "texture": "#skeletontexture", "uv": [ 13, 4, 13.1, 8 ] },
                "up": { "texture": "#skeletontexture", "uv": [ 13, 6, 14, 7 ], "rotation": 270 },
                "down": { "texture": "#skeletontexture", "uv": [ 2, 4, 5, 4 ], "rotation": 270 }
            }
        },
        {
            "name": "Cube",
            "from": [ 0.5, 2, -1.25 ], 
            "to": [ 3, 18, -0.75 ], 
            "faces": {
                "north": { "texture": "#iron_block", "uv": [ 0, 0, 2.5, 16 ] },
                "east": { "texture": "#iron_block", "uv": [ 0, 0, 0.5, 16 ] },
                "south": { "texture": "#iron_block", "uv": [ 0, 0, 3.5, 16 ] },
                "west": { "texture": "#iron_block", "uv": [ 0, 0, 0.5, 16 ] },
                "down": { "texture": "#iron_block", "uv": [ 0, 0, 2.5, 0.5 ] }
            }
        },
        {
            "name": "Cube",
            "from": [ 3.01, 16, -1.99 ], 
            "to": [ 24.01, 19, -0.01 ], 
            "rotation": { "origin": [ 8, 19, 15 ], "axis": "z", "angle": -22.5 },
            "faces": {
                "north": { "texture": "#skeletontexture", "uv": [ 12, 6, 16, 7 ] },
                "east": { "texture": "#skeletontexture", "uv": [ 0, 6, 1, 7 ] },
                "south": { "texture": "#skeletontexture", "uv": [ 11, 6, 16, 7 ] },
                "west": { "texture": "#skeletontexture", "uv": [ 13, 4, 5.1, 5 ] },
                "up": { "texture": "#skeletontexture", "uv": [ 0, 4, 1, 7 ], "rotation": 270 },
                "down": { "texture": "#skeletontexture", "uv": [ 2, 4, 3, 5 ], "rotation": 270 }
            }
        },
        {
            "name": "Cube",
            "from": [ 0.5, 2, 16.75 ], 
            "to": [ 3, 18, 17.25 ], 
            "faces": {
                "north": { "texture": "#iron_block", "uv": [ 3, 4, 4, 5 ] },
                "east": { "texture": "#iron_block", "uv": [ 0, 0, 5.5, 16 ] },
                "south": { "texture": "#iron_block", "uv": [ 0, 0, 2.5, 16 ] },
                "west": { "texture": "#iron_block", "uv": [ 0, 0, 0.5, 16 ] },
                "down": { "texture": "#iron_block", "uv": [ 0, 0, 7.5, 0.5 ] }
            }
        },
        {
            "name": "Cube",
            "from": [ 14.01, 6, 0.01 ], 
            "to": [ 22.01, 8, 1.99 ], 
            "rotation": { "origin": [ 18, 7, -1 ], "axis": "z", "angle": 22.5 },
            "faces": {
                "north": { "texture": "#skeletontexture", "uv": [ 12, 6, 16, 7 ] },
                "east": { "texture": "#skeletontexture", "uv": [ 0, 6, 1, 7 ] },
                "south": { "texture": "#skeletontexture", "uv": [ 11, 6, 16, 7 ] },
                "west": { "texture": "#skeletontexture", "uv": [ 13, 4, 11.1, 5 ] },
                "up": { "texture": "#skeletontexture", "uv": [ 0, 4, 1, 7 ], "rotation": 270 },
                "down": { "texture": "#skeletontexture", "uv": [ 2, 4, 3, 5 ], "rotation": 270 }
            }
        },
        {
            "name": "Cube",
            "from": [ 14.01, 6, 14.01 ], 
            "to": [ 22.01, 8, 15.99 ], 
            "rotation": { "origin": [ 18, 7, -1 ], "axis": "z", "angle": 22.5 },
            "faces": {
                "north": { "texture": "#skeletontexture", "uv": [ 12, 6, 16, 7 ] },
                "east": { "texture": "#skeletontexture", "uv": [ 0, 6, 1, 7 ] },
                "south": { "texture": "#skeletontexture", "uv": [ 11, 6, 16, 7 ] },
                "west": { "texture": "#skeletontexture", "uv": [ 13, 4, 11.1, 5 ] },
                "up": { "texture": "#skeletontexture", "uv": [ 0, 4, 1, 7 ], "rotation": 270 },
                "down": { "texture": "#skeletontexture", "uv": [ 2, 4, 3, 5 ], "rotation": 270 }
            }
        },
        {
            "name": "Cube",
            "from": [ 16.01, 1, 13.01 ], 
            "to": [ 22.01, 2.5, 14.51 ], 
            "rotation": { "origin": [ 18, 7, -1 ], "axis": "z", "angle": 22.5 },
            "faces": {
                "north": { "texture": "#skeletontexture", "uv": [ 12, 6, 16, 7 ] },
                "east": { "texture": "#skeletontexture", "uv": [ 0, 6, 1, 7 ] },
                "south": { "texture": "#skeletontexture", "uv": [ 11, 6, 16, 7 ] },
                "west": { "texture": "#skeletontexture", "uv": [ 13, 4, 11.1, 5 ] },
                "up": { "texture": "#skeletontexture", "uv": [ 0, 4, 1, 7 ], "rotation": 270 },
                "down": { "texture": "#skeletontexture", "uv": [ 2, 4, 3, 5 ], "rotation": 270 }
            }
        },
        {
            "name": "Cube",
            "from": [ 16.01, 1, 1.5 ], 
            "to": [ 22.01, 2.5, 3 ], 
            "rotation": { "origin": [ 18, 7, -1 ], "axis": "z", "angle": 22.5 },
            "faces": {
                "north": { "texture": "#skeletontexture", "uv": [ 12, 6, 16, 7 ] },
                "east": { "texture": "#skeletontexture", "uv": [ 0, 6, 1, 7 ] },
                "south": { "texture": "#skeletontexture", "uv": [ 11, 6, 16, 7 ] },
                "west": { "texture": "#skeletontexture", "uv": [ 13, 4, 11.1, 5 ] },
                "up": { "texture": "#skeletontexture", "uv": [ 0, 4, 1, 7 ], "rotation": 270 },
                "down": { "texture": "#skeletontexture", "uv": [ 2, 4, 3, 5 ], "rotation": 270 }
            }
        }
    ]
}