{
    "__comment": "Model generated using MrCrayfish's Model Creator (https://mrcrayfish.com/tools?id=mc)",
    "textures": {
        "plains": "custom/plains",
        "skeletontexture": "custom/skeletontexture"
    },
    "display": {
        "gui": {
            "rotation": [ 30, 45, 0 ],
            "translation": [ 0, 0, 0 ],
            "scale": [ 0.625, 0.625, 0.625 ]
        },
        "ground": {
            "rotation": [ 0, 0, 0 ],
            "translation": [ 0, 3, 0 ],
            "scale": [ 0.25, 0.25, 0.25 ]
        },
        "fixed": {
            "rotation": [ 0, 180, 0 ],
            "translation": [ 0, 0, 0 ],
            "scale": [ 1, 1, 1 ]
        },
        "head": {
            "rotation": [ 0, 0, 0 ],
            "translation": [ 0, -6.6, -4 ],
            "scale": [ 1.285, 1.285, 1.285 ]
        },
        "firstperson_righthand": {
            "rotation": [ 0, 315, 0 ],
            "translation": [ 0, 2.5, 0 ],
            "scale": [ 0.4, 0.4, 0.4 ]
        },
        "thirdperson_righthand": {
            "rotation": [ 75, 315, 0 ],
            "translation": [ 0, 2.5, 0 ],
            "scale": [ 0.375, 0.375, 0.375 ]
        }
    },
    "elements": [
        {
            "name": "Cube",
            "from": [ 3, 6, -3 ], 
            "to": [ 13, 16, 7 ], 
            "rotation": { "origin": [ 8, 9, 2 ], "axis": "x", "angle": -22.5 },
            "faces": {
                "north": { "texture": "#skeletontexture", "uv": [ 4, 4, 8, 8 ] },
                "east": { "texture": "#skeletontexture", "uv": [ 0, 4, 4, 8 ] },
                "south": { "texture": "#skeletontexture", "uv": [ 12, 4, 16, 8 ] },
                "west": { "texture": "#skeletontexture", "uv": [ 8, 4, 12, 8 ] },
                "up": { "texture": "#skeletontexture", "uv": [ 4, 0, 8, 4 ] },
                "down": { "texture": "#skeletontexture", "uv": [ 4, 0, 8, 4 ], "rotation": 180 }
            }
        },
        {
            "name": "Cube",
            "from": [ 0, 14, 3 ], 
            "to": [ 16, 22, 23 ], 
            "rotation": { "origin": [ 8, 17, 5 ], "axis": "x", "angle": 45.0 },
            "faces": {
                "north": { "texture": "#skeletontexture", "uv": [ 4, 0, 8, 4 ] },
                "east": { "texture": "#skeletontexture", "uv": [ 8, 10, 16, 12.5 ] },
                "south": { "texture": "#skeletontexture", "uv": [ 4, 9, 8, 15 ] },
                "west": { "texture": "#skeletontexture", "uv": [ 8, 10, 16, 12.5 ] },
                "up": { "texture": "#skeletontexture", "uv": [ 4, 0, 8, 4 ] },
                "down": { "texture": "#skeletontexture", "uv": [ 10, 10, 14, 15 ], "rotation": 180 }
            }
        },
        {
            "name": "Cube",
            "from": [ 2, 0, 9 ], 
            "to": [ 14, 18, 15 ], 
            "faces": {
                "north": { "texture": "#skeletontexture", "uv": [ 10, 10, 14, 13 ] },
                "east": { "texture": "#skeletontexture", "uv": [ 14, 10, 16, 13 ] },
                "south": { "texture": "#skeletontexture", "uv": [ 12, 4, 16, 6 ] },
                "west": { "texture": "#skeletontexture", "uv": [ 8, 10, 10, 12.5 ] },
                "up": { "texture": "#skeletontexture", "uv": [ 12, 4, 16, 7 ], "rotation": 180 },
                "down": { "texture": "#skeletontexture", "uv": [ 4, 0, 8, 8 ] }
            }
        },
        {
            "name": "Cube",
            "from": [ 1.7, 7.5, 6.5 ], 
            "to": [ 14.3, 20.5, 17.5 ], 
            "rotation": { "origin": [ 8, 15, 16 ], "axis": "x", "angle": -22.5 },
            "faces": {
                "north": { "texture": "#skeletontexture", "uv": [ 12, 0, 16, 4 ] },
                "east": { "texture": "#skeletontexture", "uv": [ 4, 8, 6, 16 ], "rotation": 180 },
                "south": { "texture": "#skeletontexture", "uv": [ 12, 4, 16, 6 ] },
                "west": { "texture": "#skeletontexture", "uv": [ 5, 8, 7, 16 ], "rotation": 180 },
                "up": { "texture": "#skeletontexture", "uv": [ 12, 4, 16, 7 ], "rotation": 180 },
                "down": { "texture": "#skeletontexture", "uv": [ 4, 0, 8, 8 ] }
            }
        },
        {
            "name": "Cube",
            "from": [ -1, 16, 2.5 ], 
            "to": [ 17, 24, 2.5 ], 
            "rotation": { "origin": [ 8, 17, 5 ], "axis": "x", "angle": 45.0 },
            "faces": {
                "north": { "texture": "#plains", "uv": [ 0.2, 11.5, 1.7, 15.5 ], "rotation": 270 },
                "east": { "texture": "#skeletontexture", "uv": [ 0, 4, 8, 8 ] },
                "west": { "texture": "#skeletontexture", "uv": [ 4, 4, 12, 8 ] },
                "up": { "texture": "#skeletontexture", "uv": [ 4, 0, 8, 4 ] }
            }
        },
        {
            "name": "Cube",
            "from": [ -1, 16, 2.5 ], 
            "to": [ -1, 24, 13.5 ], 
            "rotation": { "origin": [ 8, 17, 5 ], "axis": "x", "angle": 45.0 },
            "faces": {
                "north": { "texture": "#plains", "uv": [ 11, 9.5, 14, 11.5 ] },
                "east": { "texture": "#skeletontexture", "uv": [ 0, 4, 8, 8 ] },
                "west": { "texture": "#plains", "uv": [ 4, 11.5, 6, 13.05 ] },
                "up": { "texture": "#skeletontexture", "uv": [ 4, 0, 8, 4 ] }
            }
        },
        {
            "name": "Cube",
            "from": [ 17, 15, 2.5 ], 
            "to": [ 17, 24, 20.5 ], 
            "rotation": { "origin": [ 8, 17, 5 ], "axis": "x", "angle": 45.0 },
            "faces": {
                "north": { "texture": "#plains", "uv": [ 11, 9.5, 14, 11.5 ], "rotation": 180 },
                "east": { "texture": "#plains", "uv": [ 3, 14, 7, 16 ] },
                "west": { "texture": "#skeletontexture", "uv": [ 4, 4, 12, 8 ] },
                "up": { "texture": "#skeletontexture", "uv": [ 4, 0, 8, 4 ] }
            }
        },
        {
            "name": "Cube",
            "from": [ -1, 22.6, 8.5 ], 
            "to": [ 17, 22.6, 24.5 ], 
            "rotation": { "origin": [ 8, 24, 11 ], "axis": "x", "angle": 22.5 },
            "faces": {
                "north": { "texture": "#plains", "uv": [ 0.2, 11.5, 1.7, 15.5 ], "rotation": 90 },
                "east": { "texture": "#skeletontexture", "uv": [ 0, 4, 8, 8 ] },
                "west": { "texture": "#skeletontexture", "uv": [ 4, 4, 12, 8 ] },
                "up": { "texture": "#plains", "uv": [ 3, 12, 6, 16 ] }
            }
        },
        {
            "name": "Cube",
            "from": [ -0.99, 13.6, 8.5 ], 
            "to": [ -0.99, 22.6, 24.5 ], 
            "rotation": { "origin": [ 8, 24, 11 ], "axis": "x", "angle": 22.5 },
            "faces": {
                "north": { "texture": "#plains", "uv": [ 0.2, 11.5, 2.7, 15.5 ], "rotation": 90 },
                "east": { "texture": "#plains", "uv": [ 0, 12, 5, 15 ] },
                "west": { "texture": "#plains", "uv": [ 1, 11, 5, 15 ], "rotation": 180 },
                "up": { "texture": "#plains", "uv": [ 3, 12, 6, 16 ] }
            }
        },
        {
            "name": "Cube",
            "from": [ 16.99, 13.6, 8.5 ], 
            "to": [ 16.99, 22.6, 24.5 ], 
            "rotation": { "origin": [ 8, 24, 11 ], "axis": "x", "angle": 22.5 },
            "faces": {
                "north": { "texture": "#plains", "uv": [ 0.2, 11.5, 2.7, 15.5 ], "rotation": 90 },
                "east": { "texture": "#plains", "uv": [ 1, 11, 5, 15 ], "rotation": 180 },
                "west": { "texture": "#plains", "uv": [ 1, 11, 5, 15 ], "rotation": 180 },
                "up": { "texture": "#plains", "uv": [ 3, 12, 6, 16 ] }
            }
        }
    ]
}