{
    "__comment": "Model generated using MrCrayfish's Model Creator (https://mrcrayfish.com/tools?id=mc)",
    "textures": {
        "netherite_block": "minecraft:block/netherite_block"
    },
    "display": {
        "gui": {
            "rotation": [ 30, 45, 0 ],
            "translation": [ 0, -2, 0 ],
            "scale": [ 0.625, 0.625, 0.625 ]
        },
        "ground": {
            "rotation": [ 0, 0, 0 ],
            "translation": [ 0, 3, 0 ],
            "scale": [ 0.25, 0.25, 0.25 ]
        },
        "fixed": {
            "rotation": [ 0, 180, 0 ],
            "translation": [ 0, 0, 0 ],
            "scale": [ 1, 1, 1 ]
        },
        "head": {
            "rotation": [ 0, 90, 0 ],
            "translation": [ 0, -32, 0 ],
            "scale": [ 1.8, 1.8, 1.8 ]
        },
        "firstperson_righthand": {
            "rotation": [ 0, 315, 0 ],
            "translation": [ 0, 2.5, 0 ],
            "scale": [ 0.4, 0.4, 0.4 ]
        },
        "thirdperson_righthand": {
            "rotation": [ 75, 315, 0 ],
            "translation": [ 0, 2.5, 0 ],
            "scale": [ 0.375, 0.375, 0.375 ]
        }
    },
    "elements": [
        {
            "name": "Cube",
            "from": [ 5, 6, 7 ], 
            "to": [ 11, 24, 12 ], 
            "rotation": { "origin": [ 8, 6, 8 ], "axis": "x", "angle": -22.5 },
            "faces": {
                "north": { "texture": "#netherite_block", "uv": [ 0, 0, 8, 16 ] },
                "east": { "texture": "#netherite_block", "uv": [ 10, 0, 16, 16 ] },
                "south": { "texture": "#netherite_block", "uv": [ 2, 0, 10, 16 ] },
                "west": { "texture": "#netherite_block", "uv": [ 9, 0, 16, 15 ] },
                "up": { "texture": "#netherite_block", "uv": [ 0, 0, 12, 6 ], "rotation": 90 },
                "down": { "texture": "#netherite_block", "uv": [ 0, 0, 16, 0 ] }
            }
        },
        {
            "name": "Cube",
            "from": [ 4.5, 19, 0 ], 
            "to": [ 11.5, 28, 14 ], 
            "rotation": { "origin": [ 8, 24, 8 ], "axis": "x", "angle": 22.5 },
            "faces": {
                "north": { "texture": "#netherite_block", "uv": [ 4, 0, 12, 16 ] },
                "east": { "texture": "#netherite_block", "uv": [ 16, 0, 2, 14 ] },
                "south": { "texture": "#netherite_block", "uv": [ 2, 0, 10, 16 ] },
                "west": { "texture": "#netherite_block", "uv": [ 9, 0, 16, 15 ] },
                "up": { "texture": "#netherite_block", "uv": [ 0, 0, 12, 6 ], "rotation": 90 },
                "down": { "texture": "#netherite_block", "uv": [ 0, 0, 16, 0 ] }
            }
        },
        {
            "name": "Cube",
            "from": [ 4, -12, 5 ], 
            "to": [ 12, 10, 14 ], 
            "faces": {
                "north": { "texture": "#netherite_block", "uv": [ 0, 0, 8, 16 ] },
                "east": { "texture": "#netherite_block", "uv": [ 10, 0, 16, 16 ] },
                "south": { "texture": "#netherite_block", "uv": [ 2, 0, 10, 16 ] },
                "west": { "texture": "#netherite_block", "uv": [ 9, 0, 16, 15 ] },
                "up": { "texture": "#netherite_block", "uv": [ 0, 0, 12, 6 ], "rotation": 90 },
                "down": { "texture": "#netherite_block", "uv": [ 0, 0, 16, 0 ] }
            }
        },
        {
            "name": "Cube",
            "from": [ 3, -14, 16 ], 
            "to": [ 13, 4, 25 ], 
            "rotation": { "origin": [ 8, 8, 8 ], "axis": "x", "angle": 22.5 },
            "faces": {
                "north": { "texture": "#netherite_block", "uv": [ 0, 0, 8, 16 ] },
                "east": { "texture": "#netherite_block", "uv": [ 10, 0, 16, 16 ] },
                "south": { "texture": "#netherite_block", "uv": [ 2, 0, 10, 16 ] },
                "west": { "texture": "#netherite_block", "uv": [ 9, 0, 16, 15 ] },
                "up": { "texture": "#netherite_block", "uv": [ 0, 0, 12, 6 ], "rotation": 90 },
                "down": { "texture": "#netherite_block", "uv": [ 0, 0, 16, 0 ] }
            }
        }
    ]
}