{
    "__comment": "Model generated using MrCrayfish's Model Creator (https://mrcrayfish.com/tools?id=mc)",
    "textures": {
        "netherite_block": "minecraft:block/netherite_block"
    },
    "display": {
        "gui": {
            "rotation": [ 30, 45, 0 ],
            "translation": [ 0, -2, 0 ],
            "scale": [ 0.625, 0.625, 0.625 ]
        },
        "ground": {
            "rotation": [ 0, 0, 0 ],
            "translation": [ 0, 3, 0 ],
            "scale": [ 0.25, 0.25, 0.25 ]
        },
        "fixed": {
            "rotation": [ 0, 180, 0 ],
            "translation": [ 0, 0, 0 ],
            "scale": [ 1, 1, 1 ]
        },
        "head": {
            "rotation": [ 0, 270, 0 ],
            "translation": [ 0, -38, 0 ],
            "scale": [ 1.4, 1.5, 1.4 ]
        },
        "firstperson_righthand": {
            "rotation": [ 0, 315, 0 ],
            "translation": [ 0, 2.5, 0 ],
            "scale": [ 0.4, 0.4, 0.4 ]
        },
        "thirdperson_righthand": {
            "rotation": [ 75, 315, 0 ],
            "translation": [ 0, 2.5, 0 ],
            "scale": [ 0.375, 0.375, 0.375 ]
        }
    },
    "elements": [
        {
            "name": "Cube",
            "from": [ 3, 0, 4 ], 
            "to": [ 13, 28, 12 ], 
            "faces": {
                "north": { "texture": "#netherite_block", "uv": [ 0, 0, 8, 16 ] },
                "east": { "texture": "#netherite_block", "uv": [ 10, 0, 16, 16 ] },
                "south": { "texture": "#netherite_block", "uv": [ 2, 0, 10, 16 ] },
                "west": { "texture": "#netherite_block", "uv": [ 9, 0, 15, 16 ] },
                "up": { "texture": "#netherite_block", "uv": [ 0, 0, 8, 6 ], "rotation": 90 },
                "down": { "texture": "#netherite_block", "uv": [ 0, 0, 16, 0 ] }
            }
        }
    ]
}