{
    "__comment": "Model generated using MrCrayfish's Model Creator (https://mrcrayfish.com/tools?id=mc)",
    "textures": {
        "netherite_golem": "custom/netherite_golem",
        "bookshelf": "minecraft:block/lava_still"
    },
    "display": {
        "gui": {
            "rotation": [ 30, 45, 0 ],
            "translation": [ 0, 0, 0 ],
            "scale": [ 0.625, 0.625, 0.625 ]
        },
        "ground": {
            "rotation": [ 0, 0, 0 ],
            "translation": [ 0, 3, 0 ],
            "scale": [ 0.25, 0.25, 0.25 ]
        },
        "fixed": {
            "rotation": [ 0, 180, 0 ],
            "translation": [ 0, 0, 0 ],
            "scale": [ 1, 1, 1 ]
        },
        "head": {
            "rotation": [ 0, 180, 0 ],
            "translation": [ 1.0, 3.2, 0 ],
            "scale": [ 1.5, 1.5, 1.5 ]
        },
        "firstperson_righthand": {
            "rotation": [ 0, 315, 0 ],
            "translation": [ 0, 2.5, 0 ],
            "scale": [ 0.4, 0.4, 0.4 ]
        },
        "thirdperson_righthand": {
            "rotation": [ 75, 315, 0 ],
            "translation": [ 0, 2.5, 0 ],
            "scale": [ 0.375, 0.375, 0.375 ]
        }
    },
    "elements": [
        {
            "name": "lava",
            "from": [ 3.05, 0.2, 3.05 ], 
            "to": [ 13.95, 8.2, 12.95 ], 
            "faces": {
                "north": { "texture": "#bookshelf", "uv": [ 0, 0, 11.1, 5 ], "rotation": 90 },
                "east": { "texture": "#bookshelf", "uv": [ 0, 0, 9.9, 8 ] },
                "south": { "texture": "#bookshelf", "uv": [ 2.9, 6, 8.5, 14 ] },
                "west": { "texture": "#bookshelf", "uv": [ 0, 0, 9.9, 8 ] },
                "up": { "texture": "#bookshelf", "uv": [ 0, 0, 10.9, 9.9 ] },
                "down": { "texture": "#bookshelf", "uv": [ 0, 0, 10.9, 9.9 ], "rotation": 90 }
            }
        },
        {
            "name": "shell",
            "from": [ 3.005, 0, 3 ], 
            "to": [ 13.995, 9, 13 ], 
            "faces": {
                "north": { "texture": "#netherite_golem", "uv": [ 1.15, 2.25, 2.5, 3.35 ], "rotation": 180 },
                "east": { "texture": "#netherite_golem", "uv": [ 1.1, 1.15, 0, 2.25 ] },
                "south": { "texture": "#netherite_golem", "uv": [ 1.1, 1.15, 2.5, 2.25 ] },
                "west": { "texture": "#netherite_golem", "uv": [ 0, 1.15, 1.1, 2.25 ] },
                "up": { "texture": "#netherite_golem", "uv": [ 1.15, 2.25, 2.5, 3.35 ] }
            }
        }
    ]
}