{
    "__comment": "Model generated using MrCrayfish's Model Creator (https://mrcrayfish.com/tools?id=mc)",
    "textures": {
        "netherite_golem": "custom/netherite_golem",
        "netherite_block": "minecraft:block/netherite_block",
        "sea_lantern": "minecraft:block/sea_lantern"
    },
    "display": {
        "gui": {
            "rotation": [ 30, 45, 0 ],
            "translation": [ 0, -2, 0 ],
            "scale": [ 0.625, 0.625, 0.625 ]
        },
        "ground": {
            "rotation": [ 0, 0, 0 ],
            "translation": [ 0, 3, 0 ],
            "scale": [ 0.25, 0.25, 0.25 ]
        },
        "fixed": {
            "rotation": [ 0, 180, 0 ],
            "translation": [ 0, 0, 0 ],
            "scale": [ 1, 1, 1 ]
        },
        "head": {
            "rotation": [ 0, 180, 0 ],
            "translation": [ 0, -16, 0 ],
            "scale": [ 1.5, 1.5, 1.5 ]
        },
        "firstperson_righthand": {
            "rotation": [ 0, 315, 0 ],
            "translation": [ 0, 2.5, 0 ],
            "scale": [ 0.4, 0.4, 0.4 ]
        },
        "thirdperson_righthand": {
            "rotation": [ 75, 315, 0 ],
            "translation": [ 0, 2.5, 0 ],
            "scale": [ 0.375, 0.375, 0.375 ]
        }
    },
    "elements": [
        {
            "name": "Cube",
            "from": [ -8, 0, 3 ], 
            "to": [ 24, 16, 13 ], 
            "faces": {
                "north": { "texture": "#netherite_block", "uv": [ 0, 0, 16, 16 ] },
                "east": { "texture": "#netherite_block", "uv": [ 0, 0, 10, 16 ] },
                "south": { "texture": "#netherite_golem", "uv": [ 1.625, 5, 5.625, 7 ] },
                "west": { "texture": "#netherite_block", "uv": [ 0, 0, 10, 16 ] },
                "up": { "texture": "#netherite_block", "uv": [ 0, 0, 16, 10 ] },
                "down": { "texture": "#netherite_block", "uv": [ 0, 0, 16, 10 ] }
            }
        },
        {
            "name": "Cube",
            "from": [ 3, -16, 3.5 ], 
            "to": [ 13, 2, 12.5 ], 
            "faces": {
                "north": { "texture": "#netherite_block", "uv": [ 0, 0, 16, 16 ] },
                "east": { "texture": "#netherite_block", "uv": [ 7, 0, 16, 16 ] },
                "south": { "texture": "#netherite_block", "uv": [ 0, 0, 16, 16 ] },
                "west": { "texture": "#netherite_block", "uv": [ 0, 0, 9, 16 ] },
                "down": { "texture": "#netherite_block", "uv": [ 0, 0, 16, 16 ] }
            }
        }
    ]
}